id,user_name,password
1,vance.jennings,joobheco
2,consuelo.eaton,0869347314
3,mitchel.perkins,fabypotter
4,odessa.vaughan,aharney88
5,araceli.wilder,acecdn3000
6,shawn.harrington,5278049
7,evelyn.gay,master
8,noreen.hale,murphy
9,gladys.ward,lwsves2
10,brant.zimmerman,1190KAREN5572497
11,leanna.abbott,aivlys24
12,milford.hubbard,hubbard
13,mamie.fox,mitonguito
14,jamie.cochran,310356
15,nathaniel.robinson,angelmajo
16,lorrie.gay,oZ4k0QE
17,domingo.dyer,chelsea
18,martin.pacheco,zvc1939
19,shelby.massey,nickgd
20,rosella.barrett,O2gv3LlcfG
21,karina.morton,dada4943
22,leticia.sanford,cocacola
23,jenny.woodard,woodard
24,brandie.webster,sentry31
25,sabrina.suarez,OTEL3Q0D8y
26,dianna.munoz,AJ9Da
27,julia.savage,ewokzs
28,loretta.bass,WvNV1aKyFEcPe
29,joaquin.walters,YyGjz8E
30,rene.small,toreze00
31,rosanna.reid,reid
32,taylor.kramer,vIQfTUgMok
33,jacquelyn.brady,jopoanpa123medina
34,patrica.hicks,tyesha'08
35,roger.golden,jOYZBs8
36,dannie.gaines,LCSMCCYF
37,adriana.daniels,GuLpJWQoF0
38,ervin.dyer,blanchelovesstewart
39,gus.padilla,wwewwf1
40,clay.brady,cmonJ23qrbvwx6
41,salvador.osborn,impacplaya1
42,ariel.chen,AASHANNII
43,jarrett.marsh,96338954
44,vito.nicholson,225377
45,alejandro.burke,k19bTHQGd36p
46,morris.price,NdZ7E6
47,bradford.rios,praise05
48,jarred.white,CQB3Z
49,junior.burch,diffo
50,barbra.puckett,madobble
51,shawn.morse,Tony2318
52,ahmad.hopper,123456789
53,rosario.merrill,y8uM7D6
54,lonnie.oneal,SJxVdNRElr
55,thelma.small,moedoe413
56,kristopher.jimenez,I0Adzwse
57,dwayne.hurst,mikeloo
58,tammie.hanson,DKEF5uCa
59,rosalinda.rodriquez,golden
60,landon.middleton,apr2502
61,amelia.frost,de1kUDCJ4Haf
62,shane.watkins,game67776
63,dominique.dawson,jfasii
64,reuben.higgins,sanaang
65,ursula.wood,jecarn
66,kieth.barron,NazRam2669
67,petra.wiggins,jk9AauV5hvzTY7X
68,keisha.morales,dakami
69,trudy.le,n9VSqyoiA
70,lavern.grimes,stanley#33
71,bonita.morin,owlsclassrule
72,lena.mckay,FvSTWdon8sM
73,mona.frederick,1905bokyta13!
74,john.battle,2doitmyway
75,bud.knox,k_lovely
76,tomas.gallegos,ytJWHZlVg8
77,emerson.caldwell,JAMARIAN
78,carmelo.sherman,XbWex62oflJAN0n
79,roland.mcgee,thx1138
80,courtney.conner,023895768
81,maggie.willis,sixthlilc
82,seymour.ball,midnight
83,consuelo.gibbs,V2moUlCRzrON
84,nathaniel.dotson,7xFHcdy
85,dorian.caldwell,dorian
86,florine.gibson,kvc3zLjTg
87,saundra.king,jimjordan
88,emilia.hurley,2458098
89,ira.cortez,mmommy22
90,jordan.hurley,hurley
91,sheryl.ross,PEOPLESUC9
92,romeo.gibson,UYHUGG
93,marguerite.hunter,wishes
94,alexis.mccullough,D2FBkOXgW
95,loren.crosby,9u21kgWMS5xsJQr
96,goldie.puckett,jake145
97,glen.guerra,0177175959
98,trinidad.rodriquez,Oli#2b
99,kimberly.lawson,dow071san301
100,jeanne.battle,navidad69
101,hiram.frost,maganda81
102,dee.mccoy,monkey
103,natalia.mejia,5gpP7ktjnXyKd
104,newton.hooper,QRDWukvLy
105,eve.oconnor,sandra914469025
106,nanette.humphrey,VmwuRszcjL
107,vera.macias,shy!
108,jamel.good,chifito
109,rene.nixon,chichi821
110,deidre.brooks,GQ0wfJqYWVvD
111,rob.hopper,123ASH
112,jacob.boone,CAPRI333
113,juliette.rios,juliette
114,eloise.newman,jcrl052706
115,marshall.day,kokjoon
116,emily.wise,crystal
117,natalia.macias,DBXlJom9rtz
118,dolores.terry,Pikachu-marue18
119,wilburn.shepherd,scanner
120,ramona.ryan,ATiDGnKxp80LOoaE
121,diego.elliott,andrew
122,raphael.blevins,r68uap4m
123,caleb.powers,caleb
124,collin.dixon,dreker
125,lolita.murphy,FR3kDoTQvXzw
126,luther.sweet,2UpBzSEb
127,herman.shepherd,stephenbb2
128,andy.cruz,h3ZFd
129,kara.wyatt,064039dd
130,minnie.bruce,oifTk6lZKqb
131,zelma.rosario,replaced
132,mandy.mosley,revelaciones
133,christine.mcconnell,reargoshir
134,brandi.russo,buster
135,tonia.patton,nu
136,janette.rodriquez,CuVqT94zix3f
137,rhea.ware,ware
138,lemuel.vargas,miarosy1
139,ned.stein,46ofus
140,mervin.floyd,ABp2YsIunTzW6Ej
141,ronald.brooks,BmzZIbHUqX
142,geoffrey.kidd,rr55367
143,lorie.mccoy,GODTHEONE1
144,rolando.floyd,fastman
145,tom.gallegos,pink3602
146,cary.schneider,biodiversity
147,patti.dixon,555555
148,lara.bright,lara
149,burl.parrish,yopRDS8u5xdYn
150,raymundo.haley,9786435
151,domingo.holden,C4DUfY5pX
152,roland.whitaker,roland
153,robby.reese,WErTCjU0oX3B7gi
154,clara.ward,UmBeGPCqv
155,dewey.bonner,1g00dg1rl1
156,margarito.gates,gokuass
157,wilfred.oliver,ov0moh
158,elizabeth.potter,nuevazelana
159,stefan.wheeler,stefan
160,claire.jefferson,kvtKRxWIfqVSzhL
161,dirk.frazier,9812684
162,linwood.marshall,41083349
163,nicole.brooks,TIRO02
164,dixie.noble,dixie
165,erick.miles,gtapbt
166,major.daniels,123654
167,junior.hewitt,lucien100504
168,christy.lindsey,guanyu324112
169,geoffrey.quinn,scarecrow12
170,greta.english,kay060393
171,ora.stuart,1036900
172,maggie.bishop,JESUJESUS
173,tanya.gaines,flavor
174,mohammad.kerr,darelly10122003
175,mildred.hammond,PoYcajI67
176,sharron.bryant,FGPb9gX
177,joann.atkinson,mypila51200
178,maritza.williams,08281969
179,sammie.montgomery,vHO2y
180,estelle.sexton,monikagutierres
181,pierre.hooper,10101971
182,loretta.dickson,precise
183,thanh.mason,190664
184,pierre.yates,4f3aRNG
185,charlotte.morin,austin
186,roslyn.bartlett,1922darius
187,carmella.cline,jtc123
188,reuben.wells,eLvtn
189,norris.small,DiegoYarjona
190,reyna.holloway,122412
191,marlene.faulkner,8309113
192,james.allen,041283596
193,trinidad.austin,012227257
194,anderson.dillard,dillard
195,kristi.jordan,Lvdnw3G17lYV
196,alejandro.nieves,yKRIfF2x
197,jamie.goodman,william
198,tommie.ferrell,NCAA50
199,mai.odom,dellhp16
200,tara.mckenzie,eddiestoocool
201,brenda.blevins,4101516
202,augustine.bryan,733625256
203,tabatha.boyle,421754106
204,lane.howard,leyvi
205,denis.stone,ancan
206,blake.donaldson,blake
207,roderick.combs,jBUoR5Mef
208,amado.fitzgerald,hotmail40
209,reynaldo.noel,tdutza
210,ervin.holland,3SmFWCgTp2RubL7
211,melody.chase,nIgGxQvBLYP
212,chris.barnes,jarchel#1
213,jody.petty,zx9TA3aVM
214,carmelo.swanson,QVsld0DCU9r8
215,mitchel.cabrera,penpraze
216,rosalind.kelley,45rtfgh29
217,jerry.cash,framework
218,devon.burgess,golfer
219,queen.monroe,drczjSiK6gY3Zvs
220,alexis.reynolds,dorkis*05
221,patty.riggs,winter
222,stanley.workman,groan1
223,antony.mitchell,gilalosinting
224,dannie.mcguire,metaliko69
225,josephine.burton,pharmacology
226,brooke.ferrell,bs4519
227,ilene.skinner,60642yahoo.com
228,tanya.brown,prince
229,lanny.horton,3NFvSqdgTo9cKRbJ
230,anne.lyons,donkeyk1
231,glenn.deleon,merseone
232,billie.fowler,behomes05
233,garth.turner,dundotta1
234,sylvester.owens,787175
235,staci.pugh,pugh
236,jackie.burris,FEBUARY519
237,bette.steele,TzUhAYVcl9qt4XO
238,norma.barnes,pascuallouis
239,iris.chandler,chandler
240,horace.guerra,yewywe
241,margie.zimmerman,zimmerman
242,ned.santana,19057373
243,kelley.barrett,aemipt
244,cathryn.roberts,carnation
245,freida.greene,porseza
246,tricia.frost,d4151512
247,vicente.hopper,vicente
248,frankie.gates,john cena54
249,brittany.mosley,22411142
250,antoine.johnson,1234567
251,ashley.shaw,randy1308
252,dena.pollard,d-rockyou
253,neal.jenkins,7hPL9K3VGvoWN
254,chadwick.day,globestar1
255,tod.hyde,aTWX18C6V0gv
256,valarie.garrison,elkins77459
257,lawanda.medina,eM2D8da0LG
258,allie.blankenship,pnai88
259,melody.lopez,2005036
260,liliana.robertson,forceah
261,anna.pugh,discipline
262,michele.ward,TlZjBtvrsk
263,scot.golden,159357
264,maxwell.macias,P9ABbwIuc1zsKfm
265,walter.hughes,hNVR73JL2bA50I
266,jennifer.hewitt,mickey
267,mia.allen,cT41M
268,paul.solis,tA8hWrnH
269,francisco.logan,oymXhz974RU
270,matt.snow,02211982
271,estella.david,Gozoeygirl6
272,darla.wall,hassan76
273,jannie.solomon,bergedorfer
274,donn.hardin,LikMKVt
275,clifford.steele,CBYpZGJx
276,erika.conner,applejan
277,cheri.ryan,SjUQ09qKmXZGHR
278,byron.cooley,cooley
279,giovanni.beard,apeapeje10
280,santiago.mcmillan,muVr4pUkZP
281,vincent.contreras,chris
282,herschel.graves,ptv98rNZElU
283,herbert.koch,stuck
284,elias.short,Devan1234
285,manuel.santos,purpleprincces
286,lee.roman,alamaage678
287,williams.mcfarland,0848161968
288,reginald.randall,LOpJlofdIFeX
289,leroy.schmidt,teCoFL
290,tabatha.mckay,hazel1132
291,bonita.ingram,hiimashley
292,adeline.bush,gateway
293,angelique.barry,BgKn7Iq
294,leslie.finley,lunchman
295,gilbert.sykes,111222aa
296,rosario.larsen,iyotbaby
297,frankie.allen,cOjg8oNI
298,edward.bryan,hotel21
299,aida.combs,mysterio09
300,silvia.franco,biteme
301,deanna.giles,aT3VlrbyOLtW
302,dana.kelly,R7PjLZbEt8e53
303,kenneth.kennedy,kennedy
304,fritz.velasquez,059761459
305,rupert.hayes,alanmarie
306,robby.schmidt,Blau01
307,alec.robbins,gunznrozez
308,hope.hayden,johnny
309,rodney.gilbert,lauren
310,art.velez,access
311,susanne.cole,tigger
312,dominique.cherry,speedy132
313,darnell.holland,encanta121
314,stefan.shaffer,941985h
315,virgie.scott,rally106
316,leila.hurley,been
317,solomon.baldwin,detinuf01
318,rene.stuart,loveyoubebe
319,mable.delgado,99660234
320,leslie.foreman,6435383
321,brandon.francis,francis
322,terra.hogan,n6i1k0o8v2
323,harry.collier,collier
324,sebastian.jackson,CRAZY LOVE
325,lavonne.pacheco,l28QtJrUTxidO
326,jackie.ayala,RbVLn
327,wilfredo.keller,123654
328,lorene.savage,newfoundland
329,elma.campos,ddpdtd3nii
330,rory.parsons,bgslk9XpeYQEfN
331,rolland.wagner,y1gNsq25Z
332,rosalie.middleton,kb455905
333,felicia.joyce,mery180306
334,bobbie.sears,XnMhuoE8j
335,lauri.huffman,pen52585
336,ariel.mendez,entered
337,clinton.marsh,6X7Rli
338,heather.francis,GfY8pBJO
339,alonzo.fowler,meen0891443475
340,brice.walter,jimoulas
341,carter.carney,Kpb3zXBZQWFaL
342,britney.lambert,akera007
343,daren.strong,kamla
344,grady.charles,princess frog
345,stella.lester,XLvpJV9Zrj1
346,sidney.walker,1996101
347,freida.brown,nuJPqAD
348,brenda.crawford,mT4uo9pUKA
349,shaun.walker,6158086mcy
350,viola.foster,foster
351,reyna.tran,feger62]
352,eugenio.gould,belutea
353,derick.day,123rak
354,margret.hogan,_aquino
355,kirk.english,eKp2J
356,myron.hawkins,4171538130
357,alana.franco,sophie
358,bryon.pratt,frogger123
359,charley.fuller,3dJkFbZDeh
360,jenifer.beck,gabbey4814
361,edmund.dunn,3088649ale
362,raymond.woodard,qbotgaga
363,anderson.black,0126239123
364,lucien.valdez,iscLAMP0506
365,emery.ruiz,888278
366,terrie.floyd,shaniahok
367,alfonzo.johns,loki15346
368,nicole.leach,homycarlos
369,hallie.melendez,b1glf67Lm
370,laurel.strickland,vector
371,gustavo.kirkland,cyberzer
372,armand.martinez,56007520
373,angelita.york,lechina
374,beatrice.sparks,(kinds)
375,jewel.dennis,zUZdQRxo18y0i
376,mariano.alston,mercedes
377,trisha.price,fatimahrlovesme
378,irene.jarvis,penske1
379,kathrine.carpenter,cwentral
380,bennie.meyer,dQD8tx2
381,jamal.fry,steven
382,shane.rivera,6019400
383,marty.lynch,451..451
384,liz.langley,qwer9552
385,scotty.shannon,merlin
386,kerry.klein,As24LVahZN
387,lorna.walton,looney02
388,raul.morton,s3XcM1E
389,darrin.santana,ozzyoveja
390,chase.trujillo,@paige@
391,ruben.huff,vdbA2YKg0O4CFR
392,christian.rogers,trinity
393,pansy.garrett,iheartsc
394,twila.fuller,vikings20
395,byron.jacobs,amatis-ta
396,earlene.cooper,licenses
397,suzanne.nash,naivanayluismioyubona
398,antony.day,nesnah3
399,andrea.berg,WxA0JuC
400,angelina.gaines,slayer
401,jerome.mcfadden,mcfadden
402,ulysses.patterson,027521617
403,candice.bolton,CIRUJANODENTISTA
404,kris.hatfield,1993sarah
405,staci.castaneda,shannonjones
406,drew.johns,chaguay
407,burl.perkins,icvc12
408,jasper.andrews,03TrMLHxuWcv
409,rodolfo.william,rya&jay
410,young.booth,TRihpBz
411,millard.curry,jsb120784
412,zachariah.jacobson,k4pA5hzfE
413,justin.hines,30inNQr9k
414,paula.cotton,luisyeli
415,violet.horn,nikoLins21
416,katie.gross,C9ogmITrHPlJ1
417,millard.justice,athletic
418,zelma.abbott,diablo
419,terry.hayes,mcgrick
420,darius.norton,qMLDW
421,daren.guthrie,DFPTEjKUQZr
422,homer.emerson,A4O1Lm8ZxnFINjg5
423,flossie.klein,CzfV2Ghu
424,anastasia.fry,Dio7294666
425,marjorie.haynes,haynes
426,bobbie.rollins,3StwVUo17pu
427,lesa.battle,hQ8fapEIXMJ
428,amos.maldonado,0894011875
429,maureen.patton,iloveyou
430,andre.serrano,burlingham
431,delmer.lynn,ZDuhNV8KmTEvB64
432,gilbert.maynard,08010270855
433,doug.dickerson,answerman
434,devon.black,lajhia
435,regina.york,contributors
436,kate.perez,michelleharvey19
437,orlando.summers,samantha
438,terrie.dudley,audience
439,dianna.mcknight,marymary14
440,celeste.cox,hafdis
441,rene.buchanan,ltngNfeDXJjyLFI
442,delmar.wilcox,apology
443,alison.neal,YcPf2h
444,ann.humphrey,JvYwl
445,dudley.koch,0873651517
446,brendan.barron,joseiah1
447,glenn.mcdonald,tigers
448,saul.meyers,09183322909
449,eve.gamble,gamble
450,jolene.reid,dariarox
451,tabitha.ashley,tabitha
452,wendell.sykes,bigs
453,allan.marshall,sunflower69
454,millicent.holcomb,18885169
455,lucio.joyce,lucio
456,berry.mcneil,zjghxHn5US
457,alfonso.weaver,perceived
458,beatrice.hall,q1w2e3r4
459,chase.calderon,3cdlTe
460,cornelius.rutledge,osxDWOBY
461,erma.warren,zuQ7xtqGVmcgMpK
462,devon.harrington,qazxsw
463,petra.abbott,pKfOP4DYATEj
464,glen.rivers,baddest1
465,beatriz.ward,pairs
466,wyatt.finley,wfshUDF0lo6d7ka
467,sherrie.norman,assault
468,iris.morton,ione16
469,margarito.solis,margarito
470,irma.figueroa,freedom
471,james.vang,XNdjhqxuCI
472,al.dunlap,dragon
473,muriel.potts,sophie
474,drew.roach,sswitt
475,gabriela.fisher,foIDkeA
476,raphael.sykes,prapta
477,della.petty,Nt9nY5aMj37Q
478,alissa.rocha,Protect22
479,darryl.edwards,e47pns
480,dwayne.benton,kmjr23
481,lula.sherman,HeidiG1
482,kareem.olsen,rozumeu
483,angelita.white,knight
484,alexander.thomas,860115566312
485,brenton.velazquez,ilovechue
486,jasmine.meadows,sofabu
487,greg.schultz,54281604
488,letitia.case,mafioso85
489,bret.rocha,havethegurls
490,antonio.fields,sygdye
491,patty.marks,7BsSdIGYtvJ
492,latonya.briggs,tenchihome
493,stefan.irwin,car838
494,trenton.boyle,football
495,jarrod.marsh,DECEMBER27
496,lloyd.jacobs,tekiero3264354
497,cleo.durham,durham
498,damon.melton,ykjB7hwFtAXKMW0
499,beverly.hartman,wscc10
500,susan.houston,george
501,leonor.padilla,clay081mite504
502,denny.harrell,successfully
503,alec.frank,mikeejp28
504,jerome.dale,3869274
505,rhoda.mayo,m9600
506,herschel.fernandez,uEF6WRnZPabvX
507,may.saunders,utadahp1
508,horace.sherman,mason
509,christoper.clark,comparisons
510,estella.ortega,F1WGKIrc0z
511,kyle.colon,kyle
512,lizzie.lawrence,w82i7
513,rob.rush,irenecadag
514,sammie.pennington,amanda
515,louis.mcbride,30345
516,martha.pennington,o0tfWLElqGp8D
517,verna.white,4IWiFx2oyGsY0ln
518,marcie.campbell,Jcw4luo8ip12
519,juan.doyle,molino406
520,alba.glass,actualizame1
521,darius.alvarez,4lprz6
522,gena.osborn,wy96HcahMr0P
523,della.landry,xnrF2dHIk4Ro9GtM
524,les.cote,tjcIenD6
525,shana.tyler,1204380071
526,howard.estrada,xolibri
527,jeannie.brewer,wyatt7366
528,issac.strickland,@morsufrir
529,gabrielle.reid,timing
530,theresa.sweet,guspierre96
531,stan.lamb,195ePQJvEhc6wB
532,lupe.evans,060891LD
533,maurice.gay,buddy
534,lea.sharp,milf
535,russel.mcclain,252593
536,tammie.ayers,bdc4life
537,erna.horton,thunder
538,derek.morris,ll4730
539,cornelia.greer,1017scedar
540,maribel.rich,ZBabnf
541,wilford.valencia,woodbook53
542,shelby.downs,991960
543,owen.flores,independence
544,amber.summers,klLuZwTcJrbQ7
545,tania.norman,cHw2Leth5JXY
546,yvonne.munoz,JkFvO4lz1awKo8
547,alberta.leblanc,14Gfa5XyjzBYUpJ8
548,mildred.mckinney,3Ks6h2
549,sharon.hodges,annluu1
550,eric.buckner,Cs0l4
551,chris.sanford,0217ann
552,valeria.curry,HcK8SX0D
553,trisha.carver,S7odJwan
554,leland.morrison,9SYNvfJ3
555,lindsey.pitts,$uj@120878
556,cora.pierce,13dejunio
557,antony.ortiz,golden
558,keisha.barrera,SRZLQpmks3B
559,paula.gonzales,LUVLUV2
560,penelope.pollard,17121992**love
561,florence.jimenez,ehm18
562,carlene.young,Mama2323
563,annette.terrell,gkr15534
564,ezra.aguilar,doughboy5
565,augusta.hall,41230
566,paulette.benton,weeman=weeman
567,johnie.king,jared32
568,gregory.houston,enamorada89
569,emma.douglas,EOTzhIGLnUxj6qv2
570,jerrold.summers,097070461
571,neva.conway,lanishapayne@yahoo.com
572,lacey.perry,6906830
573,cornelia.bradley,555555
574,aurelio.sullivan,kagome27
575,concepcion.case,abcde910
576,fredrick.stafford,kFx7GnWIMN
577,murray.wilkinson,5ytgvX2n
578,monique.hodges,nid2612
579,liz.mcbride,yamaha
580,lynn.cross,eatfatmat
581,teresa.bentley,susangillett
582,jacob.chaney,barney
583,cathryn.prince,XxiuAk5Dd
584,mathew.wiley,te.amo.gordo.
585,pedro.wolfe,5989926
586,serena.price,dala4290
587,donna.calhoun,029431915
588,quincy.hart,regnesseM
589,amie.blanchard,lichitin
590,nicholas.watts,2j2a1
591,roman.tanner,boston
592,patty.webb,1528FREEMAN
593,elias.holland,qgSEr7sR9v
594,gus.macdonald,4555995
595,willis.cervantes,fiD5TNZn
596,alisa.campbell,mahalkita041
597,kent.guy,ranger
598,marisol.porter,mrjennings
599,jefferson.avila,bloods33
600,landon.lloyd,0838066505
601,christy.hensley,pieces
602,lester.william,OQaLW0fqK
603,harold.lloyd,harold
604,kitty.boyle,OorqMh
605,regina.guthrie,shenha
606,christa.adkins,mfFd5aXgAe
607,malinda.avila,50118512
608,patrice.burgess,jorry2
609,adrian.briggs,3bR7VrkOI
610,jesse.george,zgeRxrG2yVEka
611,marcie.miller,jennifire
612,lilly.lee,mghGCvbzKuxDZoTO
613,helene.murphy,colin4443!
614,clair.richmond,EVqYzv8nrw
615,martin.lloyd,cookie
616,lane.mccarty,avf1985
617,damian.savage,sumxvJpd
618,luisa.riley,sandbox45
619,merlin.vance,4203diego
620,marlin.alford,14es1989
621,shelby.peck,26054334
622,gale.burnett,pNLmHqcb2v
623,rico.gill,rico
624,elvira.walter,matthew
625,edgar.odom,trag396mum070
626,caleb.mayer,lanuevaestrella
627,vilma.hart,wCmsoVU1EF
628,myrna.fleming,bZ3ME2PRIfnjXtQ
629,gracie.ellis,please
630,seymour.rollins,navysis921
631,melanie.jordan,competing
632,rosario.bernard,hothicks
633,tania.ochoa,chuckie18
634,wilford.kaufman,scjbbe
635,zachary.huff,n
636,mattie.burris,jeefrylee
637,ebony.donaldson,aluminium
638,wesley.odonnell,lilsplat2
639,brain.webster,927634
640,joy.hayes,V3uKMwdU7p
641,marla.jimenez,rothie
642,suzette.hatfield,q
643,sal.farmer,redman66
644,juanita.swanson,erken
645,essie.lopez,11111
646,latisha.nicholson,OTkjbrJKNs0g
647,john.murray,HsNErMn8
648,norman.riggs,5360026
649,jennifer.sanders,tigger
650,sanford.holman,badboy
651,dolly.bonner,iceing4
652,jocelyn.gonzalez,mr183smx8819ily
653,jessie.graves,9S3FfU
654,antonia.stephenson,stella64
655,terrell.donaldson,cartero1019
656,miguel.moody,moody
657,chasity.whitfield,oGz4Pc
658,donnie.hodges,george
659,daisy.gill,hdjordan
660,willis.miles,rdBsIthJOl
661,walter.blackwell,l9mzH0R71IncFP
662,christine.bond,production
663,dean.carter,gustav8-9-88
664,adolfo.kane,vitaminado
665,valentin.castillo,pomza
666,annette.maynard,RyzFcb5
667,paige.monroe,jdhorne92
668,simon.miranda,JozieBabes123
669,carol.campos,campos
670,normand.mckinney,220780
671,betsy.oneal,muggsy01
672,jodie.velazquez,oQwOtBefYRTui
673,benita.schneider,(jajonas)
674,savannah.leonard,nachomio
675,crystal.adams,pimjung463026
676,janet.kirk,jesus666#
677,blake.harrell,ehSVGlrIuEdg
678,anibal.rivas,NcXgLfnEy
679,morgan.kirkland,symadia97
680,eugene.mckenzie,adayle
681,leah.perry,gjUsXMS6ZOxNVzi
682,marilyn.vargas,880202/6464
683,daryl.odonnell,daryl
684,harrison.cooley,cooley
685,sally.crane,sally
686,alfonso.cash,obsidian447
687,rick.mcclure,rick
688,kareem.hogan,259131jc
689,beau.armstrong,wek1234
690,gale.barron,cesarymary4ever
691,efrain.long,utilities
692,carl.morton,1ISGvf
693,bernadine.whitfield,colombia
694,ollie.dunlap,plines
695,gwendolyn.spears,coffee
696,phyllis.wells,masash22
697,numbers.cline,alergz
698,gerardo.mcmahon,O0CY5v9sVjfEBHq
699,kareem.trevino,pc4Y86
700,patsy.jennings,1010199307
701,brandi.brooks,collectible
702,silvia.duke,087448
703,mohamed.cohen,summer
704,edwardo.goff,edwardo
705,mark.bond,alayab01
706,charles.ayala,PgwNd
707,louella.bolton,peasgrain
708,franklin.jordan,mlAHQye
709,eugenio.bray,zdxHj8OPBp
710,teri.walton,36PmOjke
711,johanna.melton,hzZfDnA
712,clarissa.powers,GPUtj7Ab
713,natalie.jenkins,szicRLS7BQ
714,addie.cherry,sapphire
715,lara.chavez,hardcore
716,maureen.roth,00085877
717,dorothea.klein,ordinance
718,henry.kelley,Y0gbf9NMQt
719,lindsey.knowles,winterd3
720,sharron.pittman,pittman
721,daisy.lopez,pNa5Kwm10y
722,evangeline.macias,FJue3cVsHt
723,roderick.riddle,toyota
724,mason.hutchinson,lainejoi
725,elise.newman,2203654
726,bertie.yang,jAXz8EChmgHu
727,rocco.kirkland,pOY3qghF0C6
728,robert.cooley,isaacruiz07
729,noelle.tucker,CZ6t2BRQNp
730,terrence.nieves,cap896scan603
731,jimmy.hensley,eGoET2yFBKSJ
732,vanessa.davis,decade
733,norris.morales,uTdbkv7lFXPO
734,gloria.davis,4954859
735,patrica.sampson,Eqpo8SdLK2ghk7
736,troy.whitney,TOBBY05
737,johnnie.sweet,builds
738,aurelia.blair,029015096
739,benito.le,jian_karlo
740,jerald.melendez,kmac17
741,oliver.terrell,realis
742,leroy.montoya,montoya
743,wendy.sargent,8311223995
744,jonah.atkins,timeline
745,chi.alford,senzualu
746,tania.quinn,CORRI19
747,steve.brady,12yKGfJn8wVD43W
748,carroll.whitfield,lK4QIORh975oE
749,cynthia.browning,cvflores
750,irvin.martinez,renojodaniel
751,megan.payne,murphy
752,amado.bridges,9929030*
753,amber.padilla,JSx7QmWN
754,sergio.puckett,0184234645
755,seth.duffy,dakota
756,randell.burgess,xDtIwN6WYP
757,sheryl.wynn,1SANDRA
758,ilene.ayers,Rm3OwUfobjYxq
759,glenna.tanner,suga88
760,olivia.daniels,DRUCIFER
761,joni.hutchinson,LILFLIPS
762,dwight.lowe,0872301541
763,dewayne.drake,lbs
764,bernardo.fernandez,jbp1980
765,morton.pearson,2709800020357
766,penny.conway,elalets
767,daphne.carson,27972033
768,garland.perkins,s4hnsxa2
769,sondra.lowe,18919765
770,frank.bean,r2QFmJEZLBYAO4
771,faye.johns,girlsruleyh
772,jolene.henry,96936616
773,foster.james,pitus1
774,irving.franks,6350jr
775,joshua.blair,pensyonado
776,adolfo.lara,choir
777,lavonne.dunlap,dmmc190410198719
778,lakeisha.frazier,nascar
779,jacqueline.adams,eltiempo
780,ignacio.navarro,SLi3pozEvUbnC
781,mac.franco,HLni6rFsN0
782,alisa.cohen,park999
783,jonas.bowen,78momma
784,leslie.rojas,jls1407
785,quentin.holcomb,0869300298
786,irwin.harrell,loveygirl23
787,miles.gates,gates
788,carlo.dunlap,mzcrump
789,darren.banks,Sharp
790,sean.leon,naomi2006
791,harley.campos,kXB3xSmHnYhT9V
792,hester.collins,014805548
793,reyes.levine,eto1UfR
794,dannie.olsen,111024
795,jaime.fulton,clean
796,janie.acosta,3phiKS
797,jimmy.wade,puravida16
798,johnnie.lester,johnnie
799,charley.key,888888
800,harriett.herring,soricila
801,helene.cortez,mLSBz3dZHknt60w
802,clifton.norton,3H0WUDYoVzXrBPxE
803,anton.pruitt,anton
804,clayton.holloway,585190
805,stacy.hess,dqKOAm8M
806,sheila.brown,cas4life
807,lynne.knowles,cabrona1
808,thurman.osborne,rinnnng0
809,wilma.cruz,junbug28
810,pansy.fry,19981980
811,shari.bruce,volunteers
812,jay.dillard,r9YsmJHlySjvLnt
813,napoleon.gonzalez,014124161
814,nathan.dillard,ZYjaluJCMSdfB
815,heriberto.hatfield,brandon
816,sonja.kline,GIVcD5rF08UEiuAb
817,joseph.calderon,PAULmc123_lisi
818,tracie.wilcox,meeka2009
819,judson.emerson,yellow
820,eloise.chapman,cooper
821,monique.young,rewind54
822,lucille.barker,bensub1
823,mable.nixon,fender
824,joaquin.beach,3su9hb6KiZxCqo
825,brent.hebert,guitar
826,mai.valdez,abarca12
827,mindy.clarke,dallas
828,maureen.gross,BubYP4qLhvoC
829,ted.horne,3e2w11
830,peggy.cain,5cubans
831,harley.martin,vicmiboo
832,alejandra.stephenson,flux
833,edward.lynch,kriian1
834,irvin.joyce,appleshoof
835,everett.hale,laurence2005
836,rigoberto.cleveland,2vruPZbUo6OQ
837,jenna.vaughan,kinkage
838,elba.morton,chrisbrownwfe
839,christie.watson,azulerika1717
840,margaret.garrison,5387376555
841,lucio.shields,shields
842,aurelia.langley,29MVH
843,mathew.cummings,llehoj
844,oscar.winters,fdrFM5iS
845,esmeralda.irwin,dad19477
846,aldo.whitehead,75105857
847,martin.foley,monroe07
848,daisy.washington,(treintay1)
849,porfirio.hooper,clue99
850,marcia.pitts,bU80fBsha
851,chase.garza,123456
852,donnie.sandoval,brandy
853,cory.chaney,reproduction
854,sandra.bridges,y1MNbvZ7B
855,annie.mccall,tremarr
856,ross.sutton,4EGzRsCUkPX
857,omar.carver,FlWHb4B
858,adele.moreno,yHYUnFzZSGmPqBW
859,doris.higgins,ana870202
860,haley.dean,143sanya
861,yvette.whitfield,jv0805
862,timothy.gross,morgan
863,pat.warren,3678909321
864,malinda.bright,MUSTANG_2006
865,gwendolyn.tate,robert
866,duane.cooley,qRsALS2TCb8ziW
867,lilian.gordon,josue1991101318
868,susie.vega,YIHs7Rp
869,enrique.mendoza,123123123
870,elisa.campbell,k06050605
871,berta.holman,5272199335
872,chance.lawson,blanquita3
873,williams.rios,fernandopapa
874,doyle.hess,oscam148
875,esther.lang,lang
876,francine.buckner,singapore
877,jan.silva,concerning
878,norma.koch,banana
879,imogene.oneil,foster1996
880,shelby.bond,598HfTk67b
881,walter.conner,shandy21
882,fletcher.dillon,81672118
883,bryan.fisher,marker00
884,maryanne.moran,XsSDCBpYVlbQumri
885,jacqueline.jennings,ct-4198
886,meagan.stone,mysponsor
887,regina.levy,qwer1234
888,maggie.contreras,0853005163
889,sarah.wiggins,iD8N7VUMWqP3od
890,lucinda.wiley,consortium
891,marcie.frost,JAMES7
892,marisa.preston,mZMUWk
893,mario.blankenship,seantrice1
894,charles.morris,vh0jP9luqCGkboeQ
895,mike.baxter,pupuubita
896,letha.kemp,able
897,suzanne.gallegos,gallegos
898,monty.golden,mskimberly
899,aisha.jenkins,xelovlade
900,ida.wood,gabymoxxa
901,ashley.house,15goofey
902,dominique.joyner,chelsea
903,diego.rice,rangers
904,leola.waller,nizaluna
905,victor.bryan,65dOnEQgD
906,marcelino.mcmahon,marina
907,virgie.atkins,q6YNTmkon
908,alexandra.contreras,0efekt
909,bridget.rowe,cats
910,bruno.acosta,paelnedved
911,tiffany.sanders,ChyWRHLOwjZo
912,byron.dominguez,krilez
913,frankie.head,jonathan
914,benita.anthony,fwDN4bvEMZ
915,bryant.briggs,briggs
916,francisca.hill,jSx7c4L3hq
917,katie.gonzalez,0870575997
918,amparo.evans,pedir5
919,trevor.perkins,iX69N
920,julie.lloyd,dwihen
921,alexandria.hinton,hhdmrd.
922,earline.obrien,Loverboy13
923,arthur.buck,GoSWy
924,diann.nicholson,d9990202
925,jerrold.rodriquez,eBSy8
926,houston.garcia,PwXM2K
927,seymour.randolph,kOIEAve1qXnVo
928,roberto.torres,2277272
929,kenny.franco,JpCukOqzH7ZaW
930,russ.morales,C2oKINYtia
931,davis.roth,angel
932,abdul.rowland,8685041
933,marlin.fleming,bgeesh1
934,josephine.morales,mandjuhh89
935,evan.chan,hunter
936,leanna.richards,bS7kqNVCFm
937,todd.soto,8Vhcn0uwBpD4
938,mohammad.ware,bgYkhoXA
939,evangelina.barton,mellamog
940,lee.hendricks,lee
941,zane.bond,pepper
942,mitch.ferguson,aaaaaa
943,donna.mcmahon,chicago
944,andrea.day,bigdog
945,stella.hicks,zabikhan
946,willard.williamson,1987cucreitorul
947,tanisha.ortega,0lLnvMw8rCESNB
948,amber.vega,EIdbOgTZ
949,annie.mendez,manc13
950,neil.phillips,skate816
951,rebekah.sharpe,money
952,zachariah.shepherd,eIuk86YTV7CcoG3
953,christa.morrison,mercedes
954,clarence.britt,28may1997
955,carmela.clayton,N2XTArGRVhKl5
956,royce.combs,Ct3EayTGuHs4Ic2
957,devon.holman,raiders
958,becky.hickman,AQiCWRGL
959,deena.holmes,9xQUdbKNhYsW
960,mark.chandler,ye6491982
961,carmelo.byers,asdfgh
962,mohammed.carpenter,ujXSn2dZWhF
963,rico.valentine,ap10172203
964,angel.jefferson,51183208
965,chrystal.burns,DILWYN
966,irma.vasquez,spider
967,taylor.kent,summer
968,deloris.dixon,seeks
969,julian.gross,Passion!
970,joey.poole,lagrimason
971,noel.montoya,colours
972,josef.hoffman,pharmacy2012
973,jorge.patrick,09196921342
974,rogelio.payne,ilamujoy
975,lucille.stark,buddaball
976,freeman.rose,rangers
977,monica.flores,broktaydrew16
978,autumn.alford,akgkhk82
979,miriam.haynes,jhavonne93
980,genaro.russo,v2PfqcQDleA
981,lora.quinn,antonau
982,elmer.mccormick,goldfish92
