id,author,status
1,Donald J. Trump,I will be making a major statement from the @WhiteHouse upon my return to D.C. Time and date to be set.
2,Donald J. Trump,"Just arrived at #ASEAN50 in the Philippines for my final stop with World Leaders. Will lead to FAIR TRADE DEALS, un‚Ä¶ https://t.co/ExRBdQnJru"
3,Donald J. Trump,"After my tour of Asia, all Countries dealing with us on TRADE know that the rules have changed. The United States h‚Ä¶ https://t.co/MoMNa1MUI3"
4,Donald J. Trump,Great to see @RandPaul looking well and back on the Senate floor. He will help us with TAX CUTS and REFORM!
5,Donald J. Trump,"Excited to be heading home to see the House pass a GREAT Tax Bill with the middle class getting big TAX CUTS!

#MakeAmericaGreatAgainüá∫üá∏"
6,Donald J. Trump,"I am proud of the Rep. House &amp; Senate for working so hard on cutting taxes {&amp; reform.} We‚Äôre getting close! Now, ho‚Ä¶ https://t.co/bPmeYwoMhU"
7,Donald J. Trump,"Happy to announce, I am nominating Alex Azar to be the next HHS Secretary. He will be a star for better healthcare and lower drug prices!"
8,Donald J. Trump,Will be leaving the Philippines tomorrow after many days of constant mtgs &amp; work in order to #MAGA! My promises are rapidly being fulfilled.
9,Donald J. Trump,"Great day of bilateral meetings at #ASEANSummit on trade, which we are turning around to be great deals for our cou‚Ä¶ https://t.co/n7g7Zvo9pl"
10,Donald J. Trump,Thank you! https://t.co/TD0rYcWN8C
11,Donald J. Trump,"We had a wonderful visit to Vietnam, thank you President Tran Dai Quang! Heading to the #ASEANSummit 50th Anniv Gal‚Ä¶ https://t.co/s5gIKMqt50"
12,Donald J. Trump,"Just landed in the Philippines after a great day of meetings and events in Hanoi, Vietnam! https://t.co/YxHRNhhPWo"
13,Donald J. Trump,"Why would Kim Jong-un insult me by calling me ""old,"" when I would NEVER call him ""short and fat?"" Oh well, I try so‚Ä¶ https://t.co/PmsWNkH4r4"
14,Donald J. Trump,"Does the Fake News Media remember when Crooked Hillary Clinton, as Secretary of State, was begging Russia to be our‚Ä¶ https://t.co/0QnLU03c03"
15,Donald J. Trump,"When will all the haters and fools out there realize that having a good relationship with Russia is a good thing, n‚Ä¶ https://t.co/tPCd8nSwY3"
16,Donald J. Trump,Met with President Putin of Russia who was at #APEC meetings. Good discussions on Syria. Hope for his help to solve‚Ä¶ https://t.co/eOt8rDcpeY
17,Donald J. Trump,"Will be doing a joint press conference in Hanoi, Vietnam then heading for final destination of trip, the Phillipines."
18,Donald J. Trump,President Xi of China has stated that he is upping the sanctions against #NoKo. Said he wants them to denuclearize. Progress is being made.
19,Donald J. Trump,"‚ÄúPresidential Proclamation Commemorating the 50th Anniversary of the Vietnam War‚Äù 
‚û°Ô∏èhttps://t.co/hgUQP9leqK 
‚û°Ô∏è‚Ä¶ https://t.co/xZ8AWnxDEA"
20,Donald J. Trump,"On this wonderful Veterans Day, I want to express the incredible gratitude of the entire American Nation to our GRE‚Ä¶ https://t.co/MhHOaVTAWC"
21,Donald J. Trump,"On behalf of an entire nation, Happy 242nd Birthday to the men and women of the United States Marines!
#USMC242‚Ä¶ https://t.co/EDmzIuB09r"
22,Donald J. Trump,The United States has been reminded time and again in recent years that economic security is not merely RELATED to‚Ä¶ https://t.co/62WsIAen7F
23,Donald J. Trump,The United States is prepared to work with each of the leaders in this room today to achieve mutually beneficial co‚Ä¶ https://t.co/6hY41gFM5i
24,Donald J. Trump,Today I am here to offer a renewed partnership with America -- to work together to strengthen the bonds of friendsh‚Ä¶ https://t.co/2IdSIlE3Ek
25,Donald J. Trump,"In more and more places throughout this region, citizens of SOVEREIGN and INDEPENDENT nations have taken greater co‚Ä¶ https://t.co/RoZxYEdh9m"
26,Donald J. Trump,"Throughout my travels, I've had the pleasure of sharing the good news from America. I've had the honor of sharing o‚Ä¶ https://t.co/eGkJAZaPuU"
27,Donald J. Trump,"Just landed in Da Nang, Vietnam to deliver a speech at #APEC2017"
28,Donald J. Trump,"I am leaving China for #APEC2017 in Vietnam. @FLOTUS Melania is staying behind to see the zoo, and of course, the G‚Ä¶ https://t.co/j2kDjWvnsj"
29,Donald J. Trump,My meetings with President Xi Jinping were very productive on both trade and the subject of North Korea. He is a hi‚Ä¶ https://t.co/WqDuLr1nyF
30,Donald J. Trump,"I don‚Äôt blame China, I blame the incompetence of past Admins for allowing China to take advantage of the U.S. on tr‚Ä¶ https://t.co/zql9WFEZlF"
31,Donald J. Trump,In the coming months and years ahead I look forward to building an even STRONGER relationship between the United St‚Ä¶ https://t.co/kHCeQSQDtk
32,Donald J. Trump,"President Xi, thank you for such an incredible welcome ceremony. It was a truly memorable and impressive display! üì∏‚Ä¶ https://t.co/Jbj5TWhCla"
33,Donald J. Trump,Congratulations to all of the ‚ÄùDEPLORABLES‚Äù and the millions of people who gave us a MASSIVE (304-227) Electoral Co‚Ä¶ https://t.co/cKVtPvEHOB
34,Donald J. Trump,Looking forward to a full day of meetings with President Xi and our delegations tomorrow. THANK YOU for the beautif‚Ä¶ https://t.co/lSC21tvK3w
35,Donald J. Trump,NoKo has interpreted America's past restraint as weakness. This would be a fatal miscalculation. Do not underestima‚Ä¶ https://t.co/3ZqTpo7GrT
36,Donald J. Trump,"On behalf of @FLOTUS Melania and I, THANK YOU for an unforgettable¬†afternoon and evening¬†at the¬†Forbidden City in B‚Ä¶ https://t.co/Q9H0MPdIvU"
37,Donald J. Trump,Leaving South Korea now heading to China. Looking very much forward to meeting and being with President Xi!
38,Donald J. Trump,"Together, we dream of a Korea that is free, a peninsula that is safe, and families that are reunited once again! https://t.co/9tsZRCC83j"
39,Donald J. Trump,Anyone who doubts the strength or determination of the U.S. should look to our past....and you will doubt it no lon‚Ä¶ https://t.co/n1Dc7xNmcg
40,Donald J. Trump,"The North Korean regime has pursued its nuclear &amp; ballistic missile programs in defiance of every assurance, agreem‚Ä¶ https://t.co/J7WklThu2q"
41,Donald J. Trump,"The U.S., under my administration, is completely rebuilding its military, and they're spending hundreds of billions‚Ä¶ https://t.co/2sIwl0TH9x"
42,Donald J. Trump,"Join me LIVE in South Koreaüá∫üá∏üá∞üá∑
#NationalAssembly #POTUSinAsia 
‚û°Ô∏èhttps://t.co/M3iEhPdkas https://t.co/hSxdtd2UnY"
43,Donald J. Trump,"Ed Gillespie worked hard but did not embrace me or what I stand for. Don‚Äôt forget, Republicans won 4 out of 4 House‚Ä¶ https://t.co/HODixMtPNw"
44,Donald J. Trump,"Getting ready to make a major speech to the National Assembly here in South Korea, then will be headed to China whe‚Ä¶ https://t.co/mEfWXmpzRw"
45,Donald J. Trump,Thank you to all Americans who participated in Nat'l Rx Drug Take Back Day. A record amount of drugs collected &amp; disposed. We can do this!
46,Donald J. Trump,"Franklin, such a great photo. 

HAPPY 99th BIRTHDAY to your father, @BillyGraham! https://t.co/l0c7RvvOa1"
47,Donald J. Trump,".@EdWGillespie will totally turn around the high crime and poor economic performance of VA. MS-13 and crime will be gone. Vote today, ASAP!"
48,Donald J. Trump,....and has been horrible on Virginia economy. Vote @EdWGillespie today!
49,Donald J. Trump,"Ralph Northam will allow crime to be rampant in Virginia. He‚Äôs weak on crime, weak on our GREAT VETS, Anti-Second Amendment...."
50,Donald J. Trump,"....is making. Working very hard on TAX CUTS for the middle class, companies and jobs!"
51,Donald J. Trump,Stock market hit yet another all-time record high yesterday. There is great confidence in the moves that my Administration....
52,Donald J. Trump,Thank you to President Moon of South Korea for the beautiful welcoming ceremony. It will always be remembered. https://t.co/bMvJz1iV2a
53,Donald J. Trump,"It was my great honor to have lunch with our INCREDIBLE U.S. and ROK troops at Camp Humphreys, in South Korea. üá∫üá∏üá∞üá∑‚Ä¶ https://t.co/QJtVR498yK"
54,Donald J. Trump,"RT @AbeShinzo: „Éà„É©„É≥„ÉóÂ§ßÁµ±È†ò„Å´„Çà„Çã„ÄÅÂàù„ÅÆ„ÄÅÊ≠¥Âè≤ÁöÑ„Å™Êó•Êú¨Ë®™Âïè„ÅØ„ÄÅÈñìÈÅï„ÅÑ„Å™„Åè„ÄÅÊó•Á±≥ÂêåÁõü„ÅÆÊè∫„Çã„Åé„Å™„ÅÑÁµÜ„Çí‰∏ñÁïå„Å´Á§∫„Åô„Åì„Å®„Åå„Åß„Åç„Åæ„Åó„Åü„ÄÇ

Êú¨ÂΩì„Å´„ÅÇ„Çä„Åå„Å®„ÅÜ„ÄÅ„Éâ„Éä„É´„Éâ„ÄÇ„Åù„Åó„Å¶„ÄÅ„Ç¢„Ç∏„Ç¢Ê≠¥Ë®™„ÅÆÂ§ßÊàêÂäü„Çí„ÅäÁ•à„Çä„Åó„Å¶„ÅÑ„Åæ„Åô„ÄÇ

@realDonaldTrump https://t.‚Ä¶"
55,Donald J. Trump,....Some of those they are harshly treating have been ‚Äúmilking‚Äù their country for years!
56,Donald J. Trump,"I have great confidence in King Salman and the Crown Prince of Saudi Arabia, they know exactly what they are doing...."
57,Donald J. Trump,"Getting ready to leave for South Korea and meetings with President Moon, a fine gentleman. We will figure it all out!"
58,Donald J. Trump,"My visit to Japan and friendship with PM Abe will yield many benefits, for our great Country. Massive military &amp; energy orders happening+++!"
59,Donald J. Trump,"The state of Virginia economy, under Democrat rule, has been terrible. If you vote Ed Gillespie tomorrow, it will come roaring back!"
60,Donald J. Trump,#USAüá∫üá∏ #JapanüáØüáµ https://t.co/EvxFqAVnFS
61,Donald J. Trump,...Americans do what we do best: we pull together. We join hands. We lock arms and through the tears and the sadnes‚Ä¶ https://t.co/CTtTeWjVHX
62,Donald J. Trump,"May God be w/ the people of Sutherland Springs, Texas. The FBI &amp; law enforcement are on the scene. I am monitoring the situation from Japan."
63,Donald J. Trump,Heading into the 12 days with great negotiating strength because of our tremendous economy. https://t.co/4HnXkR3EhW
64,Donald J. Trump,It was a true honor to be at Yokota Air Base with our GREAT @USForcesJapan! https://t.co/KEXnIkkQks
65,Donald J. Trump,"Playing golf with Prime Minister Abe and Hideki Matsuyama, two wonderful people! https://t.co/vYLULe0o2K"
66,Donald J. Trump,"Just gave a speech to the great men and women at Yokota Air Base in Tokyo, Japan. Leaving to see Prime Minister Abe. https://t.co/6LRAgojvDB"
67,Donald J. Trump,I am landing shortly. Can‚Äôt wait to be with our GREAT MILITARY. See you soon! https://t.co/AVLrrOxmm4
68,Donald J. Trump,Would very much appreciate Saudi Arabia doing their IPO of Aramco with the New York Stock Exchange. Important to the United States!
69,Donald J. Trump,"Unemployment is down to 4.1%, lowest in 17 years. 1.5 million new jobs created since I took office. Highest stock Market ever, up $5.4 trill"
70,Donald J. Trump,RT @IvankaTrump: Touched by the warm hospitality of Prime Minister Abe and the Japanese people. „ÅÇ„Çä„Åå„Å®„ÅÜ„Åî„Åñ„ÅÑ„Åæ„Åô [Thank you]! Until next time üáØüáµ‚Ä¶
71,Donald J. Trump,"Thank you to our GREAT Military/Veterans and @PacificCommand.

Remember #PearlHarbor. Remember the @USSArizona!

A‚Ä¶ https://t.co/30rtKwqU98"
72,Donald J. Trump,Thank you for such a beautiful welcome Hawaii. My great honor to visit @PacificCommand upon arrival. Heading to Pea‚Ä¶ https://t.co/Yr6OZitxGR
73,Donald J. Trump,Getting ready to land in Hawaii. Looking so much forward to meeting with our great Military/Veterans at Pearl Harbor!
74,Donald J. Trump,The decision on Sergeant Bergdahl is a complete and total disgrace to our Country and to our Military.
75,Donald J. Trump,"JOBS, JOBS, JOBS! https://t.co/twUNktGbnb"
76,Donald J. Trump,"The rigged Dem Primary, one of the biggest political stories in years, got ZERO coverage on Fake News Network TV last night. Disgraceful!"
77,Donald J. Trump,"Just took off for ceremony @ Pearl Harbor. Will then be heading to Japan, SKorea, China, Vietnam &amp; the Philippines. Will never let you down!"
78,Donald J. Trump,"I always felt I would be running and winning against Bernie Sanders, not Crooked H, without cheating, I was right."
79,Donald J. Trump,Bernie Sanders supporters have every right to be apoplectic of the complete theft of the Dem primary by Crooked Hillary!
80,Donald J. Trump,"...Based on that, the Military has hit ISIS ""much harder"" over the last two days. They will pay a big price for every attack on us!"
81,Donald J. Trump,"ISIS just claimed the Degenerate Animal who killed, and so badly wounded, the wonderful people on the West Side, was ""their soldier."" ....."
82,Donald J. Trump,"Pocahontas just stated that the Democrats, lead by the legendary Crooked Hillary Clinton, rigged the Primaries! Lets go FBI &amp; Justice Dept."
83,Donald J. Trump,The real story on Collusion is in Donna B's new book. Crooked Hillary bought the DNC &amp; then stole the Democratic Primary from Crazy Bernie!
84,Donald J. Trump,"....People are angry.  At some point the Justice Department, and the FBI, must do what is right and proper. The American public deserves it!"
85,Donald J. Trump,"...New Donna B book says she paid for and stole the Dem Primary. What about the deleted E-mails, Uranium, Podesta, the Server, plus, plus..."
86,Donald J. Trump,Everybody is asking why the Justice Department (and FBI) isn't looking into all of the dishonesty going on with Crooked Hillary &amp; the Dems..
87,Donald J. Trump,My Twitter account was taken down for 11 minutes by a rogue employee. I guess the word must finally be getting out-and having an impact.
88,Donald J. Trump,I will be interviewed by @IngrahamAngle on @FoxNews at 10:00. Enjoy!
89,Donald J. Trump,The @TuckerCarlson opening statement about our once cherished and great FBI was so sad to watch. James Comey's leadership was a disaster!
90,Donald J. Trump,....This is real collusion and dishonesty. Major violation of Campaign Finance Laws and Money Laundering - where is our Justice Department?
91,Donald J. Trump,Donna Brazile just stated the DNC RIGGED the system to illegally steal the Primary from Bernie Sanders. Bought and paid for by Crooked H....
92,Donald J. Trump,"Great Tax Cut rollout today. The lobbyists are storming Capital Hill, but the Republicans will hold strong and do what is right for America!"
93,Donald J. Trump,"Today, it was my pleasure and great honor to announce my nomination of Jerome Powell to be the next Chairman of the‚Ä¶ https://t.co/32kLFYbbuq"
94,Donald J. Trump,"Broadcom's move to America=$20 BILLION of annual rev into U.S.A., $3+ BILLION/yr. in research/engineering &amp; $6 BILL‚Ä¶ https://t.co/0PUrl6k86K"
95,Donald J. Trump,"Today, we are thrilled to welcome @Broadcom CEO Hock Tan to the WH to announce he is moving their HQ‚Äôs from Singapo‚Ä¶ https://t.co/iSUzEbrn0c"
96,Donald J. Trump,Congress must end chain migration so that we can have a system that is SECURITY BASED! We need to make AMERICA SAFE‚Ä¶ https://t.co/nxEDGfXlV9
97,Donald J. Trump,I am calling on Congress to TERMINATE the diversity visa lottery program that presents significant vulnerabilities‚Ä¶ https://t.co/GcHKCxTNyF
98,Donald J. Trump,"Congratulations to the Houston @Astros, 2017 #WorldSeries Champions‚öæÔ∏è#HoustonStrong #EarnHistory https://t.co/BP7OEzdhFi"
99,Donald J. Trump,...There is also something appropriate about keeping him in the home of the horrible crime he committed. Should move fast. DEATH PENALTY!
100,Donald J. Trump,Would love to send the NYC terrorist to Guantanamo but statistically that process takes much longer than going through the Federal system...
101,Donald J. Trump,"NYC terrorist was happy as he asked to hang ISIS flag in his hospital room. He killed 8 people, badly injured 12. SHOULD GET DEATH PENALTY!"
102,Donald J. Trump,"Great mtg w/ @Cabinet today. Tomorrow, I will be announcing the new head of the Fed. I think you will be extremely‚Ä¶ https://t.co/dKtJBjGlYe"
103,Donald J. Trump,"Happy birthday to @garyplayer, a truly great Champion and Person!"
104,Donald J. Trump,It is finally happening for our great clean coal miners! https://t.co/suAnjs6Ccz
105,Donald J. Trump,The United States will be immediately implementing much tougher Extreme Vetting Procedures. The safety of our citizens comes first!
106,Donald J. Trump,Just spoke to President Macri of Argentina about the five proud and wonderful men killed in the West Side terror attack. God be with them!
107,Donald J. Trump,"CHAIN MIGRATION must end now! Some people come in, and they bring their whole family with them, who can be truly ev‚Ä¶ https://t.co/g0RgPIG2K3"
108,Donald J. Trump,@SenateMajLdr @SenateGOP ...and Appeals Court Judges at a record clip! Our courts are rapidly changing for the better!
109,Donald J. Trump,Thanks to @SenateMajLdr McConnell and the @SenateGOP we are appointing high-quality Federal District...
110,Donald J. Trump,"Thank you to the GREAT NYPD, First Responders and all govt officials for having handled the terrible West Side atta‚Ä¶ https://t.co/wcjWahjCHF"
111,Donald J. Trump,@NYGovCuomo @NYCMayor ...fully supports any and all of their efforts with respect to the West Side attack. #NYCStrong
112,Donald J. Trump,Just spoke with @NYGovCuomo and @NYCMayor de Blasio to let them know that the federal government...
113,Donald J. Trump,We mourn the horrifying terrorist attack in NYC. All of America is praying and grieving for the families who lost t‚Ä¶ https://t.co/gnCvusZ0Ud
114,Donald J. Trump,....for the Middle Class. The House and Senate should consider ASAP as the process of final approval moves along. Push Biggest Tax Cuts EVER
115,Donald J. Trump,Wouldn't it be great to Repeal the very unfair and unpopular Individual Mandate in ObamaCare and use those savings for further Tax Cuts.....
116,Donald J. Trump,#NYCStrong #USAüá∫üá∏ https://t.co/6K3Xw5P87d
117,Donald J. Trump,"""Senator Chuck Schumer helping to import Europes problems"" said Col.Tony Shaffer. We will stop this craziness!  @foxandfriends"
118,Donald J. Trump,"We are fighting hard for Merit Based immigration, no more Democrat Lottery Systems. We must get MUCH tougher (and smarter).  @foxandfriends"
119,Donald J. Trump,"The terrorist came into our country through what is called the ""Diversity Visa Lottery Program,"" a Chuck Schumer beauty. I want merit based."
120,Donald J. Trump,"I have just ordered Homeland Security to step up our already Extreme Vetting Program. Being politically correct is fine, but not for this!"
121,Donald J. Trump,The Republican House members are working hard (and late) toward the Massive Tax Cuts that they know you deserve. These will be biggest ever!
122,Donald J. Trump,"My thoughts, condolences and prayers to the victims and families of the New York City terrorist attack. God and your country are with you!"
123,Donald J. Trump,"We must not allow ISIS to return, or enter, our country after defeating them in the Middle East and elsewhere. Enough!"
124,Donald J. Trump,"In NYC, looks like another attack by a very sick and deranged person. Law enforcement is following this closely. NOT IN THE U.S.A.!"
125,Donald J. Trump,"U.S. COAL PRODUCTION
Upüìà7.8% past year. 
Downüìâ31.5% last 10 years. 
#EndingWarOnCoal https://t.co/xr20OBb2DV"
126,Donald J. Trump,‚ÄúHome Prices Reach New All-Time Highs in August‚Äù Read more: https://t.co/XzJiZgGQ8R https://t.co/STBtR6mO2j
127,Donald J. Trump,"""Consumer Confidence Hits Highest Level Since December 2000"" Read more: https://t.co/w7WkcobFun https://t.co/nLo5XCnuIx"
128,Donald J. Trump,RT @IvankaTrump: We're working to make tax cuts &amp; the expanded Child Tax Credit a reality for American families. The time is now! #TaxRefor‚Ä¶
129,Donald J. Trump,"Wishing everyone a safe and Happy Halloween!
#Halloween2017 https://t.co/BRpgXVRI8Y"
130,Donald J. Trump,Thank you @LuisRiveraMarin! https://t.co/BK7sDv9phU
131,Donald J. Trump,‚ÄúStatement by President Trump on the Apprehension of Mustafa al-Imam for His Alleged Role in Benghazi Attacks‚Äù https://t.co/2U7WJmfGlM
132,Donald J. Trump,"....earth shattering. He and his brother could Drain The Swamp, which would be yet another campaign promise fulfilled. Fake News weak!"
133,Donald J. Trump,"The biggest story yesterday, the one that has the Dems in a dither, is Podesta running from his firm. What he know about Crooked Dems is...."
134,Donald J. Trump,I hope people will start to focus on our Massive Tax Cuts for Business (jobs) and the Middle Class (in addition to Democrat corruption)!
135,Donald J. Trump,"....came to the campaign. Few people knew the young, low level volunteer named George, who has already proven to be a liar. Check the DEMS!"
136,Donald J. Trump,"The Fake News is working overtime. As Paul Manaforts lawyer said, there was ""no collusion"" and events mentioned took place long before he..."
137,Donald J. Trump,"....Also, there is NO COLLUSION!"
138,Donald J. Trump,"Sorry, but this is years ago, before Paul Manafort was part of the Trump campaign. But why aren't Crooked Hillary &amp; the Dems the focus?????"
139,Donald J. Trump,Great job by MichaelCaputo on @foxandfriends.
140,Donald J. Trump,"Report out that Obama Campaign paid $972,000 to Fusion GPS. The firm also got $12,400,000 (really?) from DNC. Nobody knows who OK'd!"
141,Donald J. Trump,"All of this ""Russia"" talk right when the Republicans are making their big push for historic Tax Cuts &amp; Reform. Is this coincidental? NOT!"
142,Donald J. Trump,"...are now fighting back like never before. There is so much GUILT by Democrats/Clinton, and now the facts are pouring out. DO SOMETHING!"
143,Donald J. Trump,"...""collusion,"" which doesn't exist. The Dems are using this terrible (and bad for our country) Witch Hunt for evil politics, but the R's..."
144,Donald J. Trump,"...the Uranium to Russia deal, the  33,000 plus deleted Emails, the Comey fix and so much more. Instead they look at phony Trump/Russia,...."
145,Donald J. Trump,"Never seen such Republican ANGER &amp; UNITY as I have concerning the lack of investigation on Clinton made Fake Dossier (now $12,000,000?),...."
146,Donald J. Trump,"As usual, the ObamaCare premiums will be up (the Dems own it), but we will Repeal &amp; Replace and have great Healthcare soon after Tax Cuts!"
147,Donald J. Trump,"JFK Files are released, long ahead of schedule!"
148,Donald J. Trump,While not at all presidential I must point out that the Sloppy Michael Moore Show on Broadway was a TOTAL BOMB and was forced to close. Sad!
149,Donald J. Trump,"Happy #FirstRespondersDay to all of our HEROES out there. We are forever grateful to you for your service, sacrific‚Ä¶ https://t.co/UpEh9uZ9fu"
150,Donald J. Trump,...in order to put any and all conspiracy theories to rest.
151,Donald J. Trump,"...addresses of any mentioned person who is still living. I am doing this for reasons of full disclosure, transparency and..."
152,Donald J. Trump,"After strict consultation with General Kelly, the CIA and other Agencies, I will be releasing ALL #JFKFiles other than the names and..."
153,Donald J. Trump,Today is National Prescription Drug Take Back Day. Everyone can help fight the #OpioidEpidemic by participating!‚Ä¶ https://t.co/xOrimTGON5
154,Donald J. Trump,Just read the nice remarks by President Jimmy Carter about me and how badly I am treated by the press (Fake News). Thank you Mr. President!
155,Donald J. Trump,Very little reporting about the GREAT GDP numbers announced yesterday (3.0 despite the big hurricane hits). Best consecutive Q's in years!
156,Donald J. Trump,"‚ÄúWHAT HAPPENED‚Äù

‚ÄúHow Team Hillary played the press for fools on Russia‚Äù
‚û°Ô∏èhttps://t.co/GqpIidk017

NOW WE KNOW! https://t.co/SgWL1HZmkI"
157,Donald J. Trump,#JFKFiles https://t.co/AnPBSJFh3J
158,Donald J. Trump,"Happy Birthday @TheLeeGreenwood!
#FlashbackFriday https://t.co/MCrMK6Eurm"
159,Donald J. Trump,"People are anxiously awaiting my decision as to who the next head of the Fed will be....
üé•https://t.co/PEj1KNYcAO"
160,Donald J. Trump,.@FoxNews Chris Wallace: ‚ÄúMore evidence of Dem collusion with Russia than GOP‚Äù https://t.co/nACQerJSiu
161,Donald J. Trump,We are inspired by the stories of everyday heroes who pull their communities from the depths of despair through lea‚Ä¶ https://t.co/QsxRShJWmQ
162,Donald J. Trump,"Diane Black of Tennessee, the highly respected House Budget Committee Chairwoman, did a GREAT job in passing Budget, setting up big Tax Cuts"
163,Donald J. Trump,Thank you @FLGovScott. https://t.co/rgdU9plvFK
164,Donald J. Trump,"It is now commonly agreed, after many months of COSTLY looking, that there was NO collusion between Russia and Trump. Was collusion with HC!"
165,Donald J. Trump,Happy birthday to the great @TheLeeGreenwood. You and your beautiful song have made such a difference. MAKE AMERICA GREAT AGAIN!
166,Donald J. Trump,JFK Files are being carefully released. In the end there will be great transparency. It is my hope to get just about everything to public!
167,Donald J. Trump,Good luck to @Joy_Villa on her decision to enter the wonderful world of politics. She has many fans!
168,Donald J. Trump,"Congratulations to @SpeakerRyan, @GOPLeader, @SteveScalise and to the Republican Party on Budget passage yesterday. Now for biggest Tax Cuts"
169,Donald J. Trump,Thank you @foxandfriends. Really great job and show!
170,Donald J. Trump,"Wacky &amp; totally unhinged Tom Steyer, who has been fighting me and my Make America Great Again agenda from beginning, never wins elections!"
171,Donald J. Trump,"WORKING TOGETHER, we will defeat this #OpioidEpidemic &amp; free our nation from the terrible affliction of drug abuse.‚Ä¶ https://t.co/Mw8xZxOEUn"
172,Donald J. Trump,"Effective today, my administration officially declared the #OpioidCrisis a NATIONAL PUBLIC HEALTH EMERGENCY under f‚Ä¶ https://t.co/0DF0lnfKJG"
173,Donald J. Trump,Big news - Budget just passed!
174,Donald J. Trump,Do not underestimate the UNITY within the Republican Party!
175,Donald J. Trump,"Ed Gillespie will be a great Governor of Virginia. His opponent doesn't even show up to meetings/work, and will be VERY weak on crime!"
176,Donald J. Trump,"Ed Gillespie will turn the really bad Virginia economy #'s around, and fast. Strong on crime, he might even save our great statues/heritage!"
177,Donald J. Trump,RT @seanhannity: BOOM!!  Tick Tock https://t.co/8E2Lvj3TTa
178,Donald J. Trump,Will be another Sean success! https://t.co/SlNTENvJLA
179,Donald J. Trump,RT @PChowka: Fox News With Hannity's Help Regains Its Ratings Dominance By Peter Barry Chowka at The Hagmann report https://t.co/ICDMCZregu‚Ä¶
180,Donald J. Trump,"Together, we will Make America Great Again!
#AmericaFirstüá∫üá∏ https://t.co/ajiC3flNkI"
181,Donald J. Trump,"This will be the biggest TAX CUT in the history of our country - and we need it! #TaxReform 
Read more:‚Ä¶ https://t.co/1qDeHBLabT"
182,Donald J. Trump,RT @IvankaTrump: Working families need #TaxReform &amp; the time is now. This Administration is committed to ensuring all Americans can thrive‚Ä¶
183,Donald J. Trump,Interview with @LouDobbs coming up at 7pmE on @FoxBusiness. Enjoy! https://t.co/9V9z015kVl
184,Donald J. Trump,"Texas @GovAbbott &amp; Lt. Gov. @DanPatrick,

Thank you for todays briefing on hurricane recovery efforts here in TX. K‚Ä¶ https://t.co/5lGb2FKLJ2"
185,Donald J. Trump,The long anticipated release of the #JFKFiles will take place tomorrow. So interesting!
186,Donald J. Trump,Melania and I look forward to being with President Xi &amp; Madame Peng Liyuan in China in two weeks for what will hope‚Ä¶ https://t.co/TYNkL929s6
187,Donald J. Trump,"Spoke to President Xi of China to congratulate him on his extraordinary elevation. Also discussed NoKo &amp; trade, two very important subjects!"
188,Donald J. Trump,Just interviewed by @LouDobbs. Will be aired tonight at 7pmE on @FoxBusiness. #Dobbs
189,Donald J. Trump,"Congrats to @Reince Priebus, a really good and talented man. We‚Äôre proud of you Reince! https://t.co/7AsjAMrSnV"
190,Donald J. Trump,MAKE AMERICA GREAT AGAIN! https://t.co/CbEwJSQ1A3
191,Donald J. Trump,"Jeff Flake, with an 18% approval rating in Arizona, said ""a lot of my colleagues have spoken out."" Really, they just gave me a standing O!"
192,Donald J. Trump,"Working hard on the biggest tax cut in U.S. history. Great support from so many sides. Big winners will be the middle class, business &amp; JOBS"
193,Donald J. Trump,"The meeting with Republican Senators yesterday, outside of Flake and Corker, was a love fest with standing ovations and great ideas for USA!"
194,Donald J. Trump,"The reason Flake and Corker dropped out of the Senate race is very simple, they had zero chance of being elected. Now act so hurt &amp; wounded!"
195,Donald J. Trump,"""Clinton campaign &amp; DNC paid for research that led to the anti-Trump Fake News Dossier. The victim here is the President."" @FoxNews"
196,Donald J. Trump,So nice being with Republican Senators today. Multiple standing ovations! Most are great people who want big Tax Cuts and success for U.S.
197,Donald J. Trump,"‚ÄúPresident Donald J. Trump Proclaims October 24, 2017, as United Nations Day‚Äù Read more: https://t.co/cyRAQAKhy2 https://t.co/HVD0kLYlBk"
198,Donald J. Trump,Stock Market just hit another record high! Jobs looking very good.
199,Donald J. Trump,...the entire World WAS laughing and taking advantage of us. People like liddle' Bob Corker have set the U.S. way back. Now we move forward!
200,Donald J. Trump,"Sen. Corker is the incompetent head of the Foreign Relations Committee, &amp; look how poorly the U.S. has done. He doesn't have a clue as....."
201,Justin Trudeau,"RT @NavdeepSBains: Innovation at work! Canadian and Indian businesses met tonight to explore opportunities for collaboration, building on o‚Ä¶"
202,Justin Trudeau,RT @NavdeepSBains: L'innovation en action ! Les entreprises canadiennes et indiennes se sont rencontr√©es ce soir pour explorer les possibil‚Ä¶
203,Justin Trudeau,I'll always be grateful for George Gosbee's work on our advisory council during our time in opposition. Calgary has‚Ä¶ https://t.co/ZihaF8eVoE
204,Justin Trudeau,Je serai toujours reconnaissant pour le travail que George Gosbee a fait au sein de notre comit√© consultatif quand‚Ä¶ https://t.co/SIG4z2OjHL
205,Justin Trudeau,"RT @FP_Champagne: All fired up with the largest business delegation of the #TradeMissionToIndia. Let's be ambitious, let's keep building ou‚Ä¶"
206,Justin Trudeau,"RT @FP_Champagne: Beaucoup d'√©nergie avec la d√©l√©gation de notre #MissionCommercialeEnInde. Soyez ambitieux, cr√©ez des liens, signez des en‚Ä¶"
207,Justin Trudeau,"When we empower women in business, we create jobs &amp; grow our economy ‚Äì we had an insightful discussion in Makati ab‚Ä¶ https://t.co/ognByKWWd0"
208,Justin Trudeau,"Outiller les entrepreneures, c‚Äôest bon pour l‚Äôemploi et l‚Äô√©conomie. Discussion √©clairante √† Makati sur l‚Äôaide que n‚Ä¶ https://t.co/7noWnPUjuC"
209,Justin Trudeau,RT @yuchengcomuseum: Canadian PM Justin Trudeau is welcomed to the Yuchengco Museum by Ms Helen Dee and Ms Yvonne Yuchengco. @JustinTrudeau‚Ä¶
210,Justin Trudeau,Hey @cathmckenna ‚Äì here‚Äôs Canadian innovation at work in the Philippines! Electric e-jeepneys cut down on emissions‚Ä¶ https://t.co/Piv6v2xsjN
211,Justin Trudeau,".@cathmckenna, par ici! Voyez l‚Äôinnovation canadienne √† l‚Äô≈ìuvre aux Philippines! Les e-Jeepney aident √† r√©duire la‚Ä¶ https://t.co/DWRkMUNqsU"
212,Justin Trudeau,"Sitting down with Prime Minister @jacindaardern for our first meeting in person, talking trade, climate change, and‚Ä¶ https://t.co/Eewoqktbnj"
213,Justin Trudeau,"Premier entretien en personne avec la premi√®re ministre @jacindaardern. Au menu : commerce, changements climatiques‚Ä¶ https://t.co/fov4Jb5QlG"
214,Justin Trudeau,"On the TPP trade deal: We've been working hard on it this week in Asia, and we're going to keep negotiating until w‚Ä¶ https://t.co/eZKVL99H3D"
215,Justin Trudeau,"Au sujet du Partenariat transpacifique : nous y avons beaucoup travaill√© cette semaine, en Asie, et nous allons pou‚Ä¶ https://t.co/q7nBT4dMWb"
216,Justin Trudeau,Kicking off the 31st #ASEAN Summit in the Philippines today. https://t.co/2DOUQXtX3n
217,Justin Trudeau,"Coup d‚Äôenvoi du 31e Sommet de l‚Äô#ANASE aux Philippines, aujourd‚Äôhui. https://t.co/XRbp0bc8kn"
218,Justin Trudeau,"Entrepreneurs grow our economy, build a strong middle class, and create jobs for people across Canada &amp; around the‚Ä¶ https://t.co/N3CRVXi777"
219,Justin Trudeau,"Les entrepreneurs font cro√Ætre l‚Äô√©conomie, renforcent la classe moyenne et cr√©ent de l‚Äôemploi ici et dans le monde.‚Ä¶ https://t.co/TYHEKdHMBH"
220,Justin Trudeau,Tragic news from Iran and Iraq today. Canadians offer their deepest sympathies to the families affected by the earthquake in the region.
221,Justin Trudeau,"Des nouvelles tragiques de l‚ÄôIran et de l‚ÄôIrak, aujourd‚Äôhui. Les Canadiens offrent leurs condol√©ances aux familles‚Ä¶ https://t.co/xEzMqvx1ax"
222,Justin Trudeau,Celebrating the 50th anniversary of #ASEAN ahead of tomorrow‚Äôs Summit with President Duterte &amp; our allies. https://t.co/0idrGYnlPS
223,Justin Trudeau,C√©l√©bration du 50e anniversaire de l‚Äô#ANASE en compagnie du pr√©sident Duterte et de nos alli√©s avant le sommet de d‚Ä¶ https://t.co/Xhsn7O0fiW
224,Justin Trudeau,"Thanks for having me and congratulations on your first year in Winnipeg, too! https://t.co/z2oVh8sXNz"
225,Justin Trudeau,Merci de m‚Äôavoir re√ßu et f√©licitations pour votre premi√®re ann√©e √† Winnipeg! https://t.co/z2oVh8sXNz
226,Justin Trudeau,"Every child deserves the best start in life, that‚Äôs why Canada is helping mothers around the world get access to qu‚Ä¶ https://t.co/BBXbsoPeon"
227,Justin Trudeau,"Chaque enfant m√©rite le meilleur d√©part qui soit dans la vie, alors le Canada aide des mamans √† travers le monde √†‚Ä¶ https://t.co/vxs8FthDDH"
228,Justin Trudeau,We‚Äôre in the Philippines for the #ASEAN Summit now ‚Äì thanks for the very warm welcome today. Mabuhay! https://t.co/wGaWw3I8GG
229,Justin Trudeau,Nous sommes arriv√©s aux Philippines pour assister au Sommet de l‚Äô#ANASE. Merci pour le tr√®s chaleureux accueil. Mab‚Ä¶ https://t.co/y4eyXASTFk
230,Justin Trudeau,"RT @APEC: Xin ch√†o t·∫°m bi·ªát v√† c·∫£m ∆°n Vi·ªát Nam. üëãüèª Goodbye and thank you, Viet Nam for hosting the #APEC2017. Next destination for #APEC201‚Ä¶"
231,Justin Trudeau,It's a wrap on #APEC2017 ‚Äì we‚Äôll continue to work closely with our Asia-Pacific allies to create more jobs &amp; opport‚Ä¶ https://t.co/BfjE9EIVeZ
232,Justin Trudeau,"Fin de l‚Äô#APEC2017 ‚Äì de concert avec nos alli√©s de l‚ÄôAsie-Pacifique, nous cr√©erons encore plus d‚Äôemplois &amp; d‚Äôoccasi‚Ä¶ https://t.co/59NrJ0DGHw"
233,Justin Trudeau,"Today, we join Polish communities in Canada &amp; around the world to celebrate Poland‚Äôs Independence Day: https://t.co/WxL4BZFaDP"
234,Justin Trudeau,"Avec les communaut√©s polonaises du Canada et du monde, nous c√©l√©brons le Jour de l‚ÄôInd√©pendance de la Pologne : https://t.co/1sBie9YVlC"
235,Justin Trudeau,"RT @SeamusORegan: Today, and everyday, we remember.

Aujourd'hui, comme toujours, nous nous souviendrons. 

#CanadaRemembers #RemembranceDa‚Ä¶"
236,Justin Trudeau,RT @RoyalCdnLegion: #ThankYou Veterans for your service &amp; sacrifice. Pause today for 2 minutes to reflect and #remember: https://t.co/DpZqX‚Ä¶
237,Justin Trudeau,RT @RoyalCdnLegion: #Merci v√©t√©rans pour votre service. Faites la pause 2 minutes pour penser et #VousSouvenir¬†: https://t.co/Hs6rzOl1Zr  #‚Ä¶
238,Justin Trudeau,"RT @CanadianForces: Today and every day, #CanadaRemembers. Join us in honouring past and current #CAF members. #RemembranceDay #LestWeForge‚Ä¶"
239,Justin Trudeau,"RT @ForcesCanada: Aujourd'hui comme chaque jour, #LeCanadasesouvient. #jourduSouvenir https://t.co/2v6lLV4Bj5"
240,Justin Trudeau,RT @NationalDefence: The Importance of Remembrance #CanadaRemembers https://t.co/QrLVXDfMig
241,Justin Trudeau,RT @DefenseCanada: L‚Äôimportance du Souvenir #LeCanadasesouvient https://t.co/7QJORan6LL
242,Justin Trudeau,"Today, we pause to remember the Canadians who‚Äôve served our country and stood on guard for us:‚Ä¶ https://t.co/NOpSF8SknR"
243,Justin Trudeau,"Aujourd‚Äôhui, nous nous arr√™tons un moment pour nous souvenir des Canadiens qui ont servi notre pays :‚Ä¶ https://t.co/Uo52We1AQb"
244,Justin Trudeau,"We stand together, no matter where we are, with poppies on our hearts, to remember. #LestWeForget https://t.co/5TXls6h7pH"
245,Justin Trudeau,"O√π que nous soyons, nous sommes unis, coquelicots pr√®s du c≈ìur, pour nous souvenir. #NoublionsJamais https://t.co/mn5ZvVXgmh"
246,Justin Trudeau,#APEC2017 https://t.co/0IH566mAh7
247,Justin Trudeau,.@BobRae48 &amp; I sat down with Aung San Suu Kyi in Da Nang to express Canada‚Äôs concern for the Rohingya refugees &amp; th‚Ä¶ https://t.co/DjTX37estO
248,Justin Trudeau,.@BobRae48 et moi avons dit √† Aung San Suu Kyi que le Canada s‚Äôinqui√®te des Rohingyas et de la crise au Myanmar : https://t.co/Z3shDaVamY
249,Justin Trudeau,"Good meeting with Facebook‚Äôs COO, @sherylsandberg, focused on how we can support innovation in Canada to create job‚Ä¶ https://t.co/kAQBfTgU5E"
250,Justin Trudeau,"Bonne rencontre avec la directrice des op√©rations de Facebook, @sherylsandberg, sur l‚Äôinnovation canadienne ax√©e su‚Ä¶ https://t.co/V8gi3Zhz4H"
251,Justin Trudeau,"At #APEC2017, Prime Minister @TurnbullMalcolm &amp; I spoke about the #TPP and the benefits of reaching a trade deal th‚Ä¶ https://t.co/azCJ7QRLWk"
252,Justin Trudeau,Le premier ministre @TurnbullMalcolm et moi avons parl√© du #TPP et des avantages de conclure un accord qui soit √©qu‚Ä¶ https://t.co/CAS9EJw5K5
253,Justin Trudeau,"Thanks to Japanese Prime Minister @AbeShinzo for the productive meeting focused on peace, security, and trade in th‚Ä¶ https://t.co/QkcWszqNIi"
254,Justin Trudeau,"Merci au premier ministre japonais @AbeShinzo pour la rencontre productive sur la paix, la s√©curit√© et le commerce‚Ä¶ https://t.co/y2cVSH3dMF"
255,Justin Trudeau,It was great to see President @EPN at #APEC2017 ‚Äì we took some time to talk about trade and how we can work togethe‚Ä¶ https://t.co/jGYNQlPNiM
256,Justin Trudeau,Bon de voir le pr√©sident @EPN √† l‚Äô#APEC2017 ‚Äì Nous avons parl√© de commerce et de la mani√®re de moderniser ensemble‚Ä¶ https://t.co/CrbcFDpKTJ
257,Justin Trudeau,We‚Äôre making progress on the TPP ‚Äì and working hard to make sure we get the right deal for Canadians &amp; Canadian bus‚Ä¶ https://t.co/cMA2HSOHiI
258,Justin Trudeau,"Le PTP progresse, et nous ne m√©nageons aucun effort pour obtenir un accord profitable aux Canadiens et aux entrepri‚Ä¶ https://t.co/lv146YRYQJ"
259,Justin Trudeau,RT @MarcMillerVM: I took a moment to say a few words in Kanien'k√©ha (Mohawk) to honour indigenous people who served and fell. We remember.‚Ä¶
260,Justin Trudeau,RT @MarcMillerVM: J'ai pris un moment pour dire quelques mots en Kanien'k√©ha pour honorer les autochtones qui sont tomb√©s au combat. Souven‚Ä¶
261,Justin Trudeau,"RT @SeamusORegan: 100 years ago today marks the end of one of our deadliest battles: Passchendaele.

We remember and honour their incredibl‚Ä¶"
262,Justin Trudeau,"RT @SeamusORegan: Aujourd‚Äôhui, il y a 100 ans, de terminait une de nos batailles les plus sanglantes: Passchendaele. 

Nous nous souvenons‚Ä¶"
263,Justin Trudeau,"Today, we honour the people who endured so much, and sacrificed so greatly. https://t.co/6y2VgqFLzK"
264,Justin Trudeau,"Aujourd‚Äôhui, nous rendons hommage √† ceux qui ont tant endur√© et tant sacrifi√© pour nous tous. https://t.co/R5RumFVwXu"
265,Justin Trudeau,RT @VeteransENG_CA: RT to remember &amp; get a reminder on 11/11. Join our tribute and be added to a mosaic remembering Canada's Veterans #Cana‚Ä¶
266,Justin Trudeau,RT @VeteransFR_CA: RT pour rendre hommage aux v√©t√©rans canadiens. Vous recevrez un rappel le 11/11 et serez ajout√© √† une mosa√Øque #Lecanada‚Ä¶
267,Justin Trudeau,"On this 100th anniversary of the victory at Passchendaele, we honour the heroism &amp; sacrifice of Canadians who fough‚Ä¶ https://t.co/Xvp7dPo2bd"
268,Justin Trudeau,"En ce 100e anniversaire de la victoire √† Passchendaele, nous honorons le h√©ro√Øsme et les sacrifices des Canadiens q‚Ä¶ https://t.co/rnFRRLviot"
269,Justin Trudeau,RT @RalphGoodale: More excellent work by @rcmpgrcpolice + multiple law enforcement partners in Canada+US in efforts to get fentanyl off our‚Ä¶
270,Justin Trudeau,RT @RalphGoodale: Excellent travail par @rcmpgrcpolice +plusieurs corps policiers au Canada+√âtats-Unis dans des efforts pour enlever le fen‚Ä¶
271,Justin Trudeau,Next stop: Da Nang for #APEC2017. Here‚Äôs a recap of my visit so far: https://t.co/4MZWpfgN6t
272,Justin Trudeau,Prochain arr√™t : Da Nang pour l‚Äô#APEC2017. Voici un r√©sum√© de ma visite jusqu‚Äô√† maintenant : https://t.co/zzJlktn655
273,Justin Trudeau,Ending a busy day at the People‚Äôs Committee HQ ‚Äì thanks to Chairman Nguy·ªÖn Th√†nh Phong for the meeting today. https://t.co/Y6bMHoaEpD
274,Justin Trudeau,On termine une journ√©e bien remplie au si√®ge du Comit√© populaire. Merci au pr√©sident Nguy·ªÖn Th√†nh Phong pour la ren‚Ä¶ https://t.co/pbTiNcXUDQ
275,Justin Trudeau,My thanks to Nguyen Cong Hiep from the Canadian Consulate for showing me around the streets of Ho Chi Minh City tod‚Ä¶ https://t.co/psqGztQWmN
276,Justin Trudeau,"Merci √† Nguyen Cong Hiep, du consulat canadien, pour m‚Äôavoir fait d√©couvrir les rues de H√¥ Chi Minh-Ville aujourd‚Äôh‚Ä¶ https://t.co/Lq6rwoABEP"
277,Justin Trudeau,"At the Ton Duc Thang University, speaking with students about growing our economies and getting the most out of the‚Ä¶ https://t.co/W14aVTXPPf"
278,Justin Trudeau,√Ä l‚Äôuniversit√© Ton Duc Thang pour parler aux √©tudiants de croissance √©conomique et de l‚Äôimportance de profiter au m‚Ä¶ https://t.co/hk6Z5nC4P9
279,Justin Trudeau,RT @jyduclos: New parents: Our government is introducing more flexible #maternity and parental benefits! https://t.co/vFPmsvSlgC https://t.‚Ä¶
280,Justin Trudeau,RT @jyduclos: Nouveaux parents : Notre gouvernement introduit des prestations de #maternit√© et parentales plus souples! https://t.co/5EgMaM‚Ä¶
281,Justin Trudeau,Roundtable with business leaders - talking about how trade will create more jobs &amp; opportunities for people in Cana‚Ä¶ https://t.co/5CgzX2ZW2k
282,Justin Trudeau,Table ronde avec des dirigeants d‚Äôentreprise ‚Äì au sujet du commerce comme source d‚Äôemplois et de d√©bouch√©s pour les‚Ä¶ https://t.co/NdBfQoEJpy
283,Justin Trudeau,RT @VNXAllshares: üéâüéÜListed Companies on Hochiminh Stock Exchange should be ready on increasing trade &amp; fintech with Canadian partners üçÅüçÅ&amp; s‚Ä¶
284,Justin Trudeau,Day 2 in Vietnam! Opening trading at the Ho Chi Minh City Stock Exchange. https://t.co/3rscbV5PyN
285,Justin Trudeau,Jour 2 au Vietnam ! Ouverture de la bourse √† H√¥ Chi Minh-Ville. https://t.co/KsYVEofrsv
286,Justin Trudeau,#TBT to a backpacking trip in Vietnam many years ago‚Ä¶ my thanks to the Canadian Embassy for pulling out the old gue‚Ä¶ https://t.co/hnKgkdTZik
287,Justin Trudeau,"#JeudiR√©tro : Voyage en sac √† dos au Vietnam, il y a tr√®s longtemps. Merci √† l‚ÄôAmbassade canadienne d‚Äôavoir sorti l‚Ä¶ https://t.co/9Mjpxo0BGK"
288,Justin Trudeau,RT @JulieDzerowicz: So proud that my Private Member‚Äôs Bill M-126 has passed unanimously in @OurCommons to recognize Portuguese Heritage Mon‚Ä¶
289,Justin Trudeau,"RT @DrRobbieO: MWO Lemay &amp; Lt(N) Tremblay, old comrades from my military career were in #Parliament being honoured for their sele‚Ä¶ https://‚Ä¶"
290,Justin Trudeau,RT @SherryRomanado: Honoured to be leading the Government of Canada delegation to Belgium for the commemorative events for the 100th annive‚Ä¶
291,Justin Trudeau,RT @SherryRomanado: Un honneur de repr√©senter le Gouvernement du Canada pour les comm√©morations du centenaire de la Bataille de Passchendae‚Ä¶
292,Justin Trudeau,RT @AsiaPacificFdn: Our PM @JustinTrudeau is at his welcoming gala in Vietnam for #APEC2017! Photo by our CEO @Stewartbeck https://t.co/IG0‚Ä¶
293,Justin Trudeau,"RT @KirstyDuncanMP: Understanding how a changing climate affects the Arctic matters now more than ever. Today, @cathmckenna &amp; I announced f‚Ä¶"
294,Justin Trudeau,"RT @KirstyDuncanMP: Il est important de comprendre comment les effets d‚Äôun climat en changement affectent l‚ÄôArctique. Aujourd‚Äôhui, @cathmck‚Ä¶"
295,Justin Trudeau,"We‚Äôre focused on a variety of issues, including trade &amp; advancing human rights. My thanks to President Tr·∫ßn ƒê·∫°i Qua‚Ä¶ https://t.co/dQVKrjXfi3"
296,Justin Trudeau,"Nous sommes ax√©s sur une s√©rie d‚Äôenjeux, notamment le commerce et les droits de la personne. Merci au pr√©sident Tr·∫ß‚Ä¶ https://t.co/CSpVKkxlIG"
297,Justin Trudeau,RT @FP_Champagne: Getting down to biz on competitive &amp; beneficial trade on both sides of Pacific with üáØüáµ Au travail pour + d'√©changes fruct‚Ä¶
298,Justin Trudeau,RT @cafreeland: Asia-Pacific is a critical engine for the global economy. Working on trade and security in this dynamic region. #APEC2017 h‚Ä¶
299,Justin Trudeau,RT @cafreeland: L'Asie-Pacifique est essentielle pour l'√©conomie mondiale. Nous travaillons sur le commerce et la s√©curit√© dans cette r√©gio‚Ä¶
300,Justin Trudeau,"I also sat down with the Chair of the National Assembly, Nguy·ªÖn Th·ªã Kim Ng√¢n, to talk about promoting the rights of‚Ä¶ https://t.co/uLLW10B5oF"
301,Justin Trudeau,"J‚Äôai √©galement discut√© avec Nguy·ªÖn Th·ªã Kim Ng√¢n, pr√©sidente de l‚ÄôAssembl√©e nationale, pour parler de la promotion d‚Ä¶ https://t.co/rX2cMAfisM"
302,Justin Trudeau,"This afternoon, I met with Vietnam‚Äôs Secretary General of the Communist Party, Nguy·ªÖn Ph√∫ Tr·ªçng, to build on the st‚Ä¶ https://t.co/HabTaRgnyo"
303,Justin Trudeau,"Cet apr√®s-midi, j‚Äôai rencontr√© Nguy·ªÖn Ph√∫ Tr·ªçng, secr√©taire g√©n√©ral du Parti communiste du Vietnam, pour resserrer‚Ä¶ https://t.co/mOWeTsdPWJ"
304,Justin Trudeau,Visit to Ho Chi Minh‚Äôs stilt house near the Presidential Palace earlier today. https://t.co/8l1mrGVXy2
305,Justin Trudeau,"Visite de la maison sur pilotis de H√¥ Chi Minh, pr√®s du Palais pr√©sidentiel, plus t√¥t aujourd‚Äôhui. https://t.co/MaYrrsccdS"
306,Justin Trudeau,"We had a good first meeting today, talking trade and how we can work together to create more jobs &amp; opportunities f‚Ä¶ https://t.co/fMeaAw9Bon"
307,Justin Trudeau,"Une premi√®re rencontre fructueuse, autour du commerce et de notre collaboration afin de cr√©er plus d‚Äôemplois et de‚Ä¶ https://t.co/yvurolUuTb"
308,Justin Trudeau,Busy first day in Vietnam. Thanks to Prime Minister Nguy·ªÖn Xu√¢n Ph√∫c for the warm welcome at the Presidential Palac‚Ä¶ https://t.co/ne0pc3e29p
309,Justin Trudeau,Premi√®re journ√©e bien remplie au Vietnam. Merci au premier ministre Nguy·ªÖn Xu√¢n Ph√∫c pour l‚Äôaccueil chaleureux au P‚Ä¶ https://t.co/WxHCvqoUfA
310,Justin Trudeau,RT @janephilpott: Aboriginal Veterans Day was first observed in 1994 to honour the contributions and sacrifices that Indigenous peoples hav‚Ä¶
311,Justin Trudeau,"RT @SeamusORegan: Aujourd'hui nous rendons aux hommes et femmes des Premi√®res Nations, M√©tis et Inuit qui ont servi le Canada avec fiert√© e‚Ä¶"
312,Justin Trudeau,"RT @liberal_party: On Aboriginal Veterans Day, we salute the Indigenous men &amp; women who have served. #CanadaRemembers #LestWeForget https:/‚Ä¶"
313,Justin Trudeau,RT @parti_liberal: Journ√©e des v√©t√©rans autochtones : nous rendons hommage aux hommes et femmes autochtones qui ont servi. #LeCanadaseSouvi‚Ä¶
314,Justin Trudeau,Thank you to all Indigenous veterans who served and continue to serve with pride. #CanadaRemembers https://t.co/adCnU1Mo22
315,Justin Trudeau,Merci √† tous les v√©t√©rans autochtones qui ont servi leur pays et qui continuent de le servir avec fiert√©.‚Ä¶ https://t.co/hvaetHTdFi
316,Justin Trudeau,RT @BlueJays: Statement from the Blue Jays organization on the tragic passing of Roy Halladay: https://t.co/Ih8D0RQE9p
317,Justin Trudeau,"RT @cathmckenna: 13 year old @StellaBowles saw a problem, and decided to fix it. Who else is inspired after hearing her story? https://t.co‚Ä¶"
318,Justin Trudeau,"RT @cathmckenna: .@StellaBowles, 13 ans, a vu un probl√®me et a d√©cid√©e de le r√©soudre. Je suis tellement inspir√©e! https://t.co/OteYl6BH45‚Ä¶"
319,Justin Trudeau,RT @Carolyn_Bennett: .@ITK_CanadaInuit &amp; others say solutions for robust Arctic are in the North. We agree! WATCH: https://t.co/u1wuB719vn‚Ä¶
320,Justin Trudeau,RT @Carolyn_Bennett: .@ITK_CanadaInuit &amp; parmi d‚Äôautres disent que les solutions doivent provenir du Nord. Ns sommes d‚Äôaccord! Regardez: ht‚Ä¶
321,Justin Trudeau,Happy 150th birthday to Marie Curie! Learn more about this trailblazer and her legacy. #WomenInSTEM https://t.co/VYccVK9mKk
322,Justin Trudeau,Heureux 150e anniversaire √† Marie Curie! D√©couvrez la vie et l‚Äô≈ìuvre de cette pionni√®re. #FemmesEnSTIM https://t.co/K4LTAsYz6F
323,Justin Trudeau,"RT @PattyHajdu: Focusing on prevention, increasing responsiveness &amp; expanding support will help keep more Canadians safe at work: https://t‚Ä¶"
324,Justin Trudeau,"RT @PattyHajdu: Se pencher sur la pr√©vention, augmenter la sensibilisation et accroitre le support am√©lioreront la s√©curit√© des Canadiens a‚Ä¶"
325,Justin Trudeau,"Somewhere over Canada last night... (if you haven‚Äôt seen the Northern Lights in person, I highly recommend it. Come‚Ä¶ https://t.co/Uuecznd0km"
326,Justin Trudeau,"We‚Äôre on our way to Hanoi... to start a busy week in Vietnam &amp; the Philippines focused on APEC, trade and advancing human rights."
327,Justin Trudeau,Quelque part au-dessus du Canada hier soir... (je recommande √† ceux qui n‚Äôont jamais vu d‚Äôaurore bor√©ale de venir n‚Ä¶ https://t.co/jCbJFlWGZw
328,Justin Trudeau,"On est en route vers Hano√Ø pour une semaine charg√©e au Vietnam et aux Philippines ax√©e sur l‚Äô APEC, le commerce et les droits de la personne"
329,Justin Trudeau,RT @AbbyPoliceDept: #abbypd fallen officer and hero Cst. John Davidson. https://t.co/qNCDHjcemM https://t.co/cQGMRAEElf
330,Justin Trudeau,"Leonard Cohen was not only an ambassador of Montreal, but of Canada. Last night, we paid tribute to his legacy. https://t.co/VK6d2mm7ek"
331,Justin Trudeau,"Leonard Cohen √©tait un ambassadeur de Montr√©al, mais aussi du Canada tout entier. Hier soir, nous avons honor√© sa m‚Ä¶ https://t.co/WnU5t5xLnj"
332,Justin Trudeau,"RT @SeamusORegan: 117,000 poppies fall to honour each of¬†üá®üá¶'s fallen since the beginning of the First World War.

#CanadaRemembers @RoyalCd‚Ä¶"
333,Justin Trudeau,"RT @SeamusORegan: 117 000 coquelicots d√©filent en m√©moire des üá®üá¶ tomb√©s depuis le d√©but de le 1ere GM. 

#Lecanadasesouvient @RoyalCdnLegio‚Ä¶"
334,Justin Trudeau,Police work in harm's way to protect us all. My deepest sympathies to the family of the @AbbyPoliceDept officer killed in the line of duty.
335,Justin Trudeau,La police se met en danger pour nous prot√©ger. Mes sinc√®res condol√©ances √† la famille de l‚Äôagent @AbbyPoliceDept tu√© en faisant son devoir.
336,Justin Trudeau,"Today, I spoke with Governor @GregAbbott_TX to offer condolences for Sunday's shooting in Texas: https://t.co/aRheQIF6ki"
337,Justin Trudeau,"Aujourd‚Äôhui, j‚Äôai offert mes condol√©ances au gouverneur @GregAbbott_TX pour la fusillade de dimanche au Texas : https://t.co/td0bwITINq"
338,Justin Trudeau,Ten years of community work pays off! Good to chat with newly elected @Val_Plante about her experiences &amp; plans for‚Ä¶ https://t.co/6fXP9VGR3C
339,Justin Trudeau,"Dix ans de travail dans la communaut√©, √ßa rapporte! Belle discussion avec la mairesse √©lue @Val_Plante sur ses plan‚Ä¶ https://t.co/tEmwO2ilaj"
340,Justin Trudeau,"Thanks, Filippo, for your partnership and focus on the crisis in Myanmar and helping the world‚Äôs most vulnerable. https://t.co/RciyO3LlYi"
341,Justin Trudeau,"Merci, Filippo, de votre collaboration, de votre travail entourant la crise au Myanmar et de votre aide aux plus vu‚Ä¶ https://t.co/Zf2Y2J7RIm"
342,Justin Trudeau,My thanks to Cardinal @gclacroix for the meeting in Ottawa this morning - it was nice to see you again. https://t.co/eThGAThNpA
343,Justin Trudeau,Merci au cardinal @gclacroix pour la rencontre de ce matin √† Ottawa. Ce fut un plaisir de vous revoir. https://t.co/O7XQ6osCo1
344,Justin Trudeau,RT @CanadianPM: Watch live: PM Justin Trudeau marks the 150th anniversary of the first sitting of the House of Commons. #cdnpoli https://t.‚Ä¶
345,Justin Trudeau,RT @PMcanadien: En direct: le PM Trudeau souligne le 150e anniversaire de la 1re s√©ance de la Chambre des communes. #polcan https://t.co/I4‚Ä¶
346,Justin Trudeau,"Today, we announce details of the new National Security and Intelligence Committee of Parliamentarians: https://t.co/Kthly41UYm"
347,Justin Trudeau,Voici les d√©tails √† propos du nouveau comit√© parlementaire charg√© de la s√©curit√© nationale et du renseignement : https://t.co/4RzkIXk3wr
348,Justin Trudeau,"Talking trade, gender equality &amp; climate change with Canada‚Äôs Ambassador-designate to France, @HudonIsabelle, this‚Ä¶ https://t.co/idGywGyQ6T"
349,Justin Trudeau,"Bonne discussion ce matin avec notre ambassadrice d√©sign√©e pour la France @HudonIsabelle sur le commerce, l'√©galit√©‚Ä¶ https://t.co/iqjGwOhXt0"
350,Justin Trudeau,"You‚Äôre in our thoughts, @DenisLemieuxLib. My thanks for your service &amp; hard work for the people of Chicoutimi‚ÄîLe Fjord. You‚Äôll be missed."
351,Justin Trudeau,Nos pens√©es accompagnent @DenisLemieuxLib. Merci d‚Äôavoir servi la population de Chicoutimi‚ÄîLe Fjord. Vous allez nous manquer.
352,Justin Trudeau,@Val_Plante And congratulations to R√©gis Labeaume - re-elected mayor of Quebec City. Hope to see you again soon.
353,Justin Trudeau,"Congratulations @Val_Plante, first-ever woman elected mayor of Montreal! I'm looking forward to working together on our shared priorities."
354,Justin Trudeau,"@Val_Plante Et f√©licitations √† R√©gis Labeaume ‚Äì r√©√©lu maire de Qu√©bec. On se revoit bient√¥t, j‚Äôesp√®re."
355,Justin Trudeau,"F√©licitations √† @Val_Plante, toute premi√®re femme √©lue mairesse de Montr√©al ! J‚Äôai h√¢te qu‚Äôon travaille ensemble √† nos priorit√©s communes."
356,Justin Trudeau,Canada stands in solidarity with our neighbours during this difficult time. Full statement: https://t.co/Vt2UtBTXSv
357,Justin Trudeau,Le Canada offre sa solidarit√© √† ses voisins face √† cette √©preuve. Voici ma d√©claration : https://t.co/qkWCuJjCiw
358,Justin Trudeau,Canadians send their condolences to those affected by today's tragic church shooting in Texas - we wish a full recovery to the injured.
359,Justin Trudeau,De terribles nouvelles du Texas aujourd‚Äôhui. Mes plus sinc√®res condol√©ances aux personnes touch√©es - prompt r√©tablissement aux bless√©s.
360,Justin Trudeau,F√©licitations Georges! Like you never left. You've made us proud once again. üá®üá¶ https://t.co/eK1GA5w2og
361,Justin Trudeau,"F√©licitations Georges ! De retour comme avant, pour encore nous remplir de fiert√©. üá®üá¶ https://t.co/SNxXIPpiyc"
362,Justin Trudeau,Announcing 4 by-elections! Get the details: https://t.co/15PNFkmoE0
363,Justin Trudeau,On annonce 4 √©lections partielles ! Voyez o√π elles auront lieu : https://t.co/TmMmDBudnW
364,Justin Trudeau,"RT @SeamusORegan: November 5 - 11 is Veterans' Week.

Join me and millions of Canadians as we honour them. Because #CanadaRemembers https:/‚Ä¶"
365,Justin Trudeau,"RT @SeamusORegan: La semaine des V√©t√©rans est du 5 au 11 nov.

Joignez √† moi et √† des millions de üá®üá¶ pour leur rendre hommage. Parce que #l‚Ä¶"
366,Justin Trudeau,2 years ago today. Thank you for your support - we're going to keep working hard for Canadians every single day. https://t.co/8RCRwCvRkE
367,Justin Trudeau,"C‚Äô√©tait il y a 2 ans. Merci pour l‚Äôappui - nous continuerons √† travailler fort pour les Canadiens, tous les jours. https://t.co/UK7RcEN6lB"
368,Justin Trudeau,"RT @HarjitSajjan: Celebrating the birth of Guru¬†Nanak¬†Dev¬†Ji, founder of Sikhism, by donating food and volunteering at the @SevaFoodBank  i‚Ä¶"
369,Justin Trudeau,RT @AhmedDHussen: Tr√®s heureux d'accueillir mon ami @RefugeesChief Fillipo Grandi √† Montr√©al! J'ai bien h√¢te de vous revoir dans la belle C‚Ä¶
370,Justin Trudeau,"Today, we join Sikhs in Canada &amp; around the world to celebrate the birth of Guru Nanak Dev Ji: https://t.co/uXOTPsLNSW"
371,Justin Trudeau,"Aujourd‚Äôhui, nous nous joignons au sikhs du Canada et du monde pour c√©l√©brer la naissance de Guru Nanak Dev Ji : https://t.co/zfuVFT7QZE"
372,Justin Trudeau,We‚Äôre working together to address the issues that matter most to youth from Nishnawbe Aski Nation. Thanks for meeti‚Ä¶ https://t.co/KFeKM4wfmh
373,Justin Trudeau,Nous cherchons √† r√©soudre les enjeux qui comptent le plus pour les jeunes de la Nation Nishnawbe Aski. Merci de la‚Ä¶ https://t.co/zWybCBjjy7
374,Justin Trudeau,RT @NANComms: Meegwetch @JustinTrudeau @janephilpott @Carolyn_Bennett for meeting with NAN youth! @gcfiddler @DGCAnnaBetty https://t.co/spt‚Ä¶
375,Justin Trudeau,"RT @CQualtro: Congrats @amazonca on your Vancouver expansion project
&amp; the creation of 1000 new jobs. The kind of jobs that our communities‚Ä¶"
376,Justin Trudeau,RT @CQualtro: F√©licitations #Amazon pour l'expansion &amp; la cr√©ation de 1000 nouveaux emplois √† Vancouver. De bons emplois qui donnent vie √†‚Ä¶
377,Justin Trudeau,Today we gathered at the National Cemetery of Canada to remember #Passchendaele100 &amp; pay tribute to all who have an‚Ä¶ https://t.co/kdp4zwMYnf
378,Justin Trudeau,Nous nous sommes r√©unis au Cimeti√®re national du Canada pour penser √† #Passchendaele100 et honorer ceux qui ont r√©p‚Ä¶ https://t.co/y6w1aQAQEa
379,Justin Trudeau,"Welcome to Ottawa, @USAmbCanada Craft - just in time for winter! Here's to a warm relationship between üá®üá¶ &amp; üá∫üá∏ no m‚Ä¶ https://t.co/4WIr5IMVK3"
380,Justin Trudeau,"Bienvenue √† Ottawa @USAmbCanada Craft, juste √† temps pour l‚Äôhiver! Que la relation üá®üá¶ üá∫üá∏ soit chaleureuse peu impor‚Ä¶ https://t.co/FVsHpQPlr5"
381,Justin Trudeau,"In Brampton with @RajLiberal today, speaking with families about how a stronger CCB helps them make ends meet:‚Ä¶ https://t.co/83jfVa5kR3"
382,Justin Trudeau,√Ä Brampton avec @RajLiberal pour expliquer aux familles comment l‚ÄôACE am√©lior√©e les aide √† joindre les deux bouts:‚Ä¶ https://t.co/ATNSPrULpc
383,Justin Trudeau,RT @LindaJeffrey: Hosting PM @JustinTrudeau in Brampton today! Always a pleasure having the Prime Minister in our community and working wit‚Ä¶
384,Justin Trudeau,How do we build a better country &amp; future for our children? The answer is simple: by investing in Canadians. More f‚Ä¶ https://t.co/ARFuFYNUhV
385,Justin Trudeau,Comment b√¢tir un pays et un avenir meilleurs pour nos enfants ? La r√©ponse est simple : en investissant dans les Ca‚Ä¶ https://t.co/3BopqTiWUP
386,Justin Trudeau,"Next week, I‚Äôll travel to Vietnam &amp; the Philippines to meet with our partners in the Asia-Pacific region: https://t.co/2lfS06bUS9"
387,Justin Trudeau,"La semaine prochaine, j‚Äôirai au Vietnam et aux Philippines pour rencontrer nos partenaires de l‚ÄôAsie-Pacifique: https://t.co/yvDneOuuOe"
388,Justin Trudeau,Discussing the jobs &amp; opportunities AI creates with tech leaders at #GoNorth17. Thanks for sharing your ideas and i‚Ä¶ https://t.co/dUDKyaz5H3
389,Justin Trudeau,On parle des emplois et des possibilit√©s li√©s √† l‚ÄôIA avec des leaders technologiques √† #GoNorth17. Merci de vos id√©‚Ä¶ https://t.co/1OiD3ea7IY
390,Justin Trudeau,"@SeamusORegan We‚Äôre all thinking of you, @SeamusORegan! Get well soon, my friend."
391,Justin Trudeau,"@SeamusORegan Nous pensons √† toi, @SeamusORegan! Prompt r√©tablissement, mon ami."
392,Justin Trudeau,RT @NavdeepSBains: Advancing our leadership in #AI will create #jobs of the future &amp; grow the economy. Thanks @googlecanada for having me #‚Ä¶
393,Justin Trudeau,RT @NavdeepSBains: Le leadership üá®üá¶ en #IA cr√©er des #emplois pour l‚Äôavenir + fera cro√Ætre l‚Äô√©conomie. Merci @googlecanada pour votre accue‚Ä¶
394,Justin Trudeau,"Great chat with @ericschmidt, talking about how investing in AI &amp; Canadian innovation creates jobs and builds a str‚Ä¶ https://t.co/OvXP9DA2O9"
395,Justin Trudeau,"Bonne discussion avec @ericschmidt sur l‚Äôinvestissement dans l‚ÄôIA et l‚Äôinnovation, pour cr√©er des emplois et fortif‚Ä¶ https://t.co/1m8r4fh7N6"
396,Justin Trudeau,RT @googlecanada: Watch tmw: @JustinTrudeau discusses Canada‚Äôs role in the world of A.I. with @ericschmidt at #GoNorth17 via @nytimes https‚Ä¶
397,Justin Trudeau,"Today in Ottawa, I met with the Modern Treaty and Self-Governing First Nations ‚Äì here‚Äôs what we talked about:‚Ä¶ https://t.co/Lvg8OjwLN4"
398,Justin Trudeau,Voici le sommaire de ma rencontre avec les Premi√®res Nations autogouvernantes et signataires de trait√©s modernes :‚Ä¶ https://t.co/VA4Mh3mS6R
399,Justin Trudeau,RT @VeteransENG_CA: #Day1 of 11 Days of Remembrance‚Ä¶ Show us your poppies! #CanadaRemembers https://t.co/h8bs4wi6eV
400,Justin Trudeau,RT @VeteransFR_CA: #Jour1 des 11 jours pour se souvenir‚Ä¶ Montrez votre coquelicot! #LeCanadasesouvient https://t.co/mH1WbIQguS
